category_name,name,code,unit,color,aliases_text,min_stock_level
Kepenk Aksesuarları,"10x29 Aluminyum Kutu 1,2 mm",12970,adet,,"",0.0
Kepenk Aksesuarları,10x29 Kutu Destek Sacı 1 mm,12986,adet,,"",0.0
Legend Art Yardımcı Malzemeler,120/67 Statik Ortakayıt Kapak,11615,adet,,"",0.0
Pervaz ve Kapatma Profilleri,12055_3_862_0_6.5 / pervaz 90 mm,12055_3_862_0_6-5-PE,adet,Beyaz,"",0.0
Kilit Karşılıkları,13 Aks. Emniyetli Kilit Karşılık,12813,adet,,"",0.0
Destek Profilleri,135 Köşe Dönüş (934 Nimbus (Çift Yüz)),12353-934NIMBUS,mtul,934 Nimbus,"",0.0
Destek Profilleri,135 Köşe Dönüş (Antrasit Gri),12353-ANTRASIT,mtul,Antrasit Gri,"",0.0
Destek Profilleri,135 Köşe Dönüş (Beyaz),12353-BEYAZ,mtul,Beyaz,"",0.0
İspanyoletler,15 Eks. İspanyolet 100 cm,13405,adet,,"",0.0
İspanyoletler,15 Eks. İspanyolet 110 cm,13406,adet,,"",0.0
İspanyoletler,15 Eks. İspanyolet 120 cm,13407,adet,,"",0.0
İspanyoletler,15 Eks. İspanyolet 140 cm,13408,adet,,"",0.0
İspanyoletler,15 Eks. İspanyolet 160 cm,13409,adet,,"",0.0
İspanyoletler,15 Eks. İspanyolet 180 cm,13410,adet,,"",0.0
İspanyoletler,15 Eks. İspanyolet 200 cm,13458,adet,,"",0.0
İspanyoletler,15 Eks. İspanyolet 25 cm,13400,adet,,"",0.0
İspanyoletler,15 Eks. İspanyolet 40 cm,13401,adet,,"",0.0
İspanyoletler,15 Eks. İspanyolet 60 cm,13402,adet,,"",0.0
İspanyoletler,15 Eks. İspanyolet 80 cm,13403,adet,,"",0.0
İspanyoletler,15 Eks. Sürme İspanyolet 100 cm,13391,adet,,"",0.0
İspanyoletler,15 Eks. Sürme İspanyolet 120 cm,13396,adet,,"",0.0
İspanyoletler,15 Eks. Sürme İspanyolet 140 cm,13392,adet,,"",0.0
İspanyoletler,15 Eks. Sürme İspanyolet 160 cm,13398,adet,,"",0.0
İspanyoletler,15 Eks. Sürme İspanyolet 180 cm,13393,adet,,"",0.0
İspanyoletler,15 Eks. Sürme İspanyolet 200 cm,13394,adet,,"",0.0
İspanyoletler,15 Eks. Sürme İspanyolet 25 cm,13388,adet,,"",0.0
İspanyoletler,15 Eks. Sürme İspanyolet 40 cm,13389,adet,,"",0.0
İspanyoletler,15 Eks. Sürme İspanyolet 60 cm,13390,adet,,"",0.0
İspanyoletler,15 Eks. Sürme İspanyolet 80 cm,13395,adet,,"",0.0
İspanyoletler,22 Eksen Emniyetli İspanyolet 100 cm,13376,adet,,"",0.0
İspanyoletler,22 Eksen Emniyetli İspanyolet 120 cm,13377,adet,,"",0.0
İspanyoletler,22 Eksen Emniyetli İspanyolet 28 cm,13372,adet,,"",0.0
İspanyoletler,22 Eksen Emniyetli İspanyolet 60 cm,13374,adet,,"",0.0
İspanyoletler,22 Eksen Emniyetli İspanyolet 80 cm,13375,adet,,"",0.0
Kepenk Aksesuarları,25 Kepenk Delikli Enjeksiyon Çıta,13144,adet,,"",0.0
İspanyoletler,28 Eks. Barelsiz Kilitli İspanyolet 28/85,13541,adet,,"",0.0
İspanyoletler,28 Eks. Kilitli İspanyolet 160 cm 28/85,13346,adet,,"",0.0
İspanyoletler,28 Eks. Kilitli İspanyolet 180 cm 28/85,12802,adet,,"",0.0
İspanyoletler,28 Eks. Kilitli İspanyolet 210 cm 28/85,13339,adet,,"",0.0
İspanyoletler,28 Eks. Kilitli Tırnaklı İspanyolet 180 cm 28/85,12803,adet,,"",0.0
Pervaz ve Kapatma Profilleri,30x30 Köşebent (934 Nimbus (Çift Yüz)),12543-934NIMBUS,mtul,934 Nimbus,"",0.0
Pervaz ve Kapatma Profilleri,30x30 Köşebent (Antrasit Gri),12543-ANTRASIT,mtul,Antrasit Gri,"",0.0
Pervaz ve Kapatma Profilleri,30x30 Köşebent (Beyaz),12543-BEYAZ,mtul,Beyaz,"",0.0
Kepenk Aksesuarları,37x34 Aluminyum Kutu 1 mm,13049,adet,,"",0.0
Sınıflandırılmamış,4+16+4 Çift Cam,4-16-4-CIFT-CAM,m2,,"",0.0
Sınıflandırılmamış,4+16+4 Çift Cam Buzlu,4-16-4-CIFT-CAM-BUZL,m2,,"",0.0
Sınıflandırılmamış,4+16+4 Jaluzili Cam,4-16-4-JALUZILI-CAM,m2,,"",0.0
HS76 Aksesuar,40x40 Kutu Destek Sacı,14357,adet,,"",0.0
Sınıflandırılmamış,4mm Tek Cam Buzlu,4MM-TEK-CAM-BUZLU,m2,,"",0.0
Doğrama Lambrileri,56x30 Federli Profil (934 Nimbus (Çift Yüz)),12537-934NIMBUS,mtul,934 Nimbus,"",0.0
Doğrama Lambrileri,56x30 Federli Profil (Antrasit Gri),12537-ANTRASIT,mtul,Antrasit Gri,"",0.0
Doğrama Lambrileri,56x30 Federli Profil (Beyaz),12537-BEYAZ,mtul,Beyaz,"",0.0
Doğrama Lambrileri,60x60 Kutu Profili (934 Nimbus (Çift Yüz)),12432-934NIMBUS,mtul,934 Nimbus,"",0.0
Doğrama Lambrileri,60x60 Kutu Profili (Antrasit Gri),12432-ANTRASIT,mtul,Antrasit Gri,"",0.0
Doğrama Lambrileri,60x60 Kutu Profili (Beyaz),12432-BEYAZ,mtul,Beyaz,"",0.0
Zendow Ana Profiller,70 mm Kanat Adaptör (934 Nimbus (Çift Yüz)),12621-934NIMBUS,mtul,934 Nimbus,"",0.0
Zendow Ana Profiller,70 mm Kanat Adaptör (Antrasit Gri),12621-ANTRASIT,mtul,Antrasit Gri,"",0.0
Zendow Ana Profiller,70 mm Kanat Adaptör (Beyaz),12621-BEYAZ,mtul,Beyaz,"",0.0
Doğrama Lambrileri,70x100 Kutu Profili (934 Nimbus (Çift Yüz)),12433-934NIMBUS,mtul,934 Nimbus,"",0.0
Doğrama Lambrileri,70x100 Kutu Profili (Antrasit Gri),12433-ANTRASIT,mtul,Antrasit Gri,"",0.0
Doğrama Lambrileri,70x100 Kutu Profili (Beyaz),12433-BEYAZ,mtul,Beyaz,"",0.0
Enjeksiyon Malzemeler,75 Kapı Köşe Kaynak Takozu,13150,adet,,"",0.0
Contalar,"9,5 mm TPE Conta",10583,adet,,"",0.0
Destek Profilleri,90 Köşe Dönüş (934 Nimbus (Çift Yüz)),12352-934NIMBUS,mtul,934 Nimbus,"",0.0
Destek Profilleri,90 Köşe Dönüş (Antrasit Gri),12352-ANTRASIT,mtul,Antrasit Gri,"",0.0
Destek Profilleri,90 Köşe Dönüş (Beyaz),12352-BEYAZ,mtul,Beyaz,"",0.0
Legend Art Yardımcı Malzemeler,90/67 Statik Ortakayıt Kapak,11614,adet,,"",0.0
Destek Profilleri,Açılı Köşe Dönüş 70 mm (Contalı) (934 Nimbus (Çift Yüz)),12356-934NIMBUS,mtul,934 Nimbus,"",0.0
Destek Profilleri,Açılı Köşe Dönüş 70 mm (Contalı) (Antrasit Gri),12356-ANTRASIT,mtul,Antrasit Gri,"",0.0
Destek Profilleri,Açılı Köşe Dönüş 70 mm (Contalı) (Beyaz),12356-BEYAZ,mtul,Beyaz,"",0.0
Legend Crown 76 Profilleri,Açılı Köşe Dönüş 76 mm (934 Nimbus (Çift Yüz)),11034-934NIMBUS,mtul,934 Nimbus,"",0.0
Legend Crown 76 Profilleri,Açılı Köşe Dönüş 76 mm (Antrasit Gri),11034-ANTRASIT,mtul,Antrasit Gri,"",0.0
Legend Crown 76 Profilleri,Açılı Köşe Dönüş 76 mm (Beyaz),11034-BEYAZ,mtul,Beyaz,"",0.0
Kilit Karşılıkları,Adaptör Kilit Karşılık,12810,adet,,"",0.0
Diğer Yardımcı Malzemeler,Akrilikli Boyama Kalemi,373,adet,,"",0.0
Enjeksiyon Malzemeler,Alm. Eşik Yan Kapak Zendow (Kasa),13140,adet,,"",0.0
Enjeksiyon Malzemeler,Alm. Eşik Yan Kapak Zendow (Pervaz),13141,adet,,"",0.0
Legend Sürme Plus Aksesuar,Alm. Kilit Karşılık Besleme 13 mm,10449,adet,,"",0.0
Eşikler,Alüminyum Eşik 20x70 mm (Zendow),12974,adet,,"",0.0
Enjeksiyon Malzemeler,Ana Cam Takozu 67/9 (Legend),11631,adet,,"",0.0
Pencere ve Kapı Kolları,Artemis Kapı Kolu,13344,adet,,"",0.0
Pencere ve Kapı Kolları,Artemis Pencere Kolu,13343,adet,,"",0.0
Kilit Karşılıkları,Ayarlı Kapı Kilit Aynası,12907,adet,,"",0.0
Menteşeler,Ayarlı Kapı Menteşe 2D,12920,adet,,"",0.0
Menteşeler,Ayarlı Kapı Menteşe 3D,13538,adet,,"",0.0
Menteşeler,Ayarlı Kapı Menteşe Dolgusu 2D,13127,adet,,"",0.0
Kilit Karşılıkları,Ayarlı Kilit Aynası,12906,adet,,"",0.0
Sürme Ana Profiller,Bağ Profili 70 mm (934 Nimbus (Çift Yüz)),12358-934NIMBUS,mtul,934 Nimbus,"",0.0
Sürme Ana Profiller,Bağ Profili 70 mm (Antrasit Gri),12358-ANTRASIT,mtul,Antrasit Gri,"",0.0
Sürme Ana Profiller,Bağ Profili 70 mm (Beyaz),12358-BEYAZ,mtul,Beyaz,"",0.0
Sürme Ana Profiller,Bağ Profili 92 mm (934 Nimbus (Çift Yüz)),12359-934NIMBUS,mtul,934 Nimbus,"",0.0
Sürme Ana Profiller,Bağ Profili 92 mm (Antrasit Gri),12359-ANTRASIT,mtul,Antrasit Gri,"",0.0
Sürme Ana Profiller,Bağ Profili 92 mm (Beyaz),12359-BEYAZ,mtul,Beyaz,"",0.0
Bareller,Barel 100 mm (Legend-Legend Sürme),10819,adet,,"",0.0
Hebeschiebe HS76 Aksesuarları,Barel 110 mm,13479,adet,,"",0.0
Bareller,Barel 83 mm (Sürme),12880,adet,,"",0.0
Bareller,Barel 90 mm (Zendow-Crown),12826,adet,,"",0.0
İspanyoletler,Barelsiz Kilitli İspanyolet 35/85,13540,adet,,"",0.0
Diğer Profil Tedarikçileri,BİNİ PR İÇ ANTRASİT GRİ,BINI-PR-IC-ANTRASIT,adet,Antrasit Gri,"",0.0
Panjur Genel Malzemeleri,Boru Başı Pimli 40 mm,13115,adet,,"",0.0
Panjur Genel Malzemeleri,Boru Başı Pimli 60 mm,13179,adet,,"",0.0
Ultraslide Sürme Aksesuarları,BSK-P/LS-Stoplama Kauçuk,BSK-P-LS-STOPLAMA-KA,adet,,"",0.0
Legend Sürme Plus Aksesuar,C Şema Kit,10379,adet,,"",0.0
Ultraslide Sürme Aksesuarları,"ÇA-1730/40 İsp,2GP+,Gr5:1585-2000 (Ultraslide)",CA-1730-40-ISP-2GP-G,adet,,"",0.0
Sürme Cam Çıta,"Cam Çıta 12,5 mm (934 Nimbus (Çift Yüz))",12650-934NIMBUS,mtul,934 Nimbus,"",0.0
Sürme Cam Çıta,"Cam Çıta 12,5 mm (Antrasit Gri)",12650-ANTRASIT,mtul,Antrasit Gri,"",0.0
Sürme Cam Çıta,"Cam Çıta 12,5 mm (Beyaz)",12650-BEYAZ,mtul,Beyaz,"",0.0
Zendow Cam Çıta,"Cam Çıta 15,5 mm (934 Nimbus (Çift Yüz))",12643-934NIMBUS,mtul,934 Nimbus,"",0.0
Zendow Cam Çıta,"Cam Çıta 15,5 mm (Antrasit Gri)",12643-ANTRASIT,mtul,Antrasit Gri,"",0.0
Zendow Cam Çıta,"Cam Çıta 15,5 mm (Beyaz)",12643-BEYAZ,mtul,Beyaz,"",0.0
Legend Cam Çıta,Cam Çıta 17 mm (934 Nimbus (Çift Yüz)),12146-934NIMBUS,mtul,934 Nimbus,"",0.0
Zendow Cam Çıta,Cam Çıta 17 mm (934 Nimbus (Çift Yüz)),12340-934NIMBUS,mtul,934 Nimbus,"",0.0
Legend Cam Çıta,Cam Çıta 17 mm (Antrasit Gri),12146-ANTRASIT,mtul,Antrasit Gri,"",0.0
Zendow Cam Çıta,Cam Çıta 17 mm (Antrasit Gri),12340-ANTRASIT,mtul,Antrasit Gri,"",0.0
Zendow Cam Çıta,Cam Çıta 17 mm (Beyaz),12340-BEYAZ,mtul,Beyaz,"",0.0
Legend Cam Çıta,Cam Çıta 17 mm (Beyaz),12146-BEYAZ,mtul,Beyaz,"",0.0
Zendow Cam Çıta,Cam Çıta 24 mm (934 Nimbus (Çift Yüz)),12640-934NIMBUS,mtul,934 Nimbus,"",0.0
Zendow Cam Çıta,Cam Çıta 24 mm (Antrasit Gri),12640-ANTRASIT,mtul,Antrasit Gri,"",0.0
Zendow Cam Çıta,Cam Çıta 24 mm (Beyaz),12640-BEYAZ,mtul,Beyaz,"",0.0
Legend Crown Profilleri,Cam Çıta 24 mm (Crown) (934 Nimbus (Çift Yüz)),10144-934NIMBUS,mtul,934 Nimbus,"",0.0
Legend Crown Profilleri,Cam Çıta 24 mm (Crown) (Antrasit Gri),10144-ANTRASIT,mtul,Antrasit Gri,"",0.0
Legend Crown Profilleri,Cam Çıta 24 mm (Crown) (Beyaz),10144-BEYAZ,mtul,Beyaz,"",0.0
Legend Cam Çıta,Cam Çıta 25 mm (934 Nimbus (Çift Yüz)),12145-934NIMBUS,mtul,934 Nimbus,"",0.0
Legend Cam Çıta,Cam Çıta 25 mm (Antrasit Gri),12145-ANTRASIT,mtul,Antrasit Gri,"",0.0
Legend Cam Çıta,Cam Çıta 25 mm (Beyaz),12145-BEYAZ,mtul,Beyaz,"",0.0
Zendow Cam Çıta,Cam Çıta 28 mm (934 Nimbus (Çift Yüz)),12641-934NIMBUS,mtul,934 Nimbus,"",0.0
Zendow Cam Çıta,Cam Çıta 28 mm (Antrasit Gri),12641-ANTRASIT,mtul,Antrasit Gri,"",0.0
Zendow Cam Çıta,Cam Çıta 28 mm (Beyaz),12641-BEYAZ,mtul,Beyaz,"",0.0
Legend Crown Profilleri,Cam Çıta 28 mm (Crown) (934 Nimbus (Çift Yüz)),10141-934NIMBUS,mtul,934 Nimbus,"",0.0
Legend Crown Profilleri,Cam Çıta 28 mm (Crown) (Antrasit Gri),10141-ANTRASIT,mtul,Antrasit Gri,"",0.0
Legend Crown Profilleri,Cam Çıta 28 mm (Crown) (Beyaz),10141-BEYAZ,mtul,Beyaz,"",0.0
Legend Cam Çıta,Cam Çıta 31 mm (934 Nimbus (Çift Yüz)),12144-934NIMBUS,mtul,934 Nimbus,"",0.0
Legend Cam Çıta,Cam Çıta 31 mm (Antrasit Gri),12144-ANTRASIT,mtul,Antrasit Gri,"",0.0
Legend Cam Çıta,Cam Çıta 31 mm (Beyaz),12144-BEYAZ,mtul,Beyaz,"",0.0
Legend Cam Çıta,Cam Çıta 37 mm (934 Nimbus (Çift Yüz)),12143-934NIMBUS,mtul,934 Nimbus,"",0.0
Legend Cam Çıta,Cam Çıta 37 mm (Antrasit Gri),12143-ANTRASIT,mtul,Antrasit Gri,"",0.0
Legend Cam Çıta,Cam Çıta 37 mm (Beyaz),12143-BEYAZ,mtul,Beyaz,"",0.0
Zendow Cam Çıta,"Cam Çıta 42,5 mm (934 Nimbus (Çift Yüz))",12642-934NIMBUS,mtul,934 Nimbus,"",0.0
Zendow Cam Çıta,"Cam Çıta 42,5 mm (Antrasit Gri)",12642-ANTRASIT,mtul,Antrasit Gri,"",0.0
Zendow Cam Çıta,"Cam Çıta 42,5 mm (Beyaz)",12642-BEYAZ,mtul,Beyaz,"",0.0
Legend Art Cam Çıta,"Cam Çıta 48,5 mm (934 Nimbus (Çift Yüz))",15271-934NIMBUS,mtul,934 Nimbus,"",0.0
Legend Art Cam Çıta,"Cam Çıta 48,5 mm (Antrasit Gri)",15271-ANTRASIT,mtul,Antrasit Gri,"",0.0
Legend Art Cam Çıta,"Cam Çıta 48,5 mm (Beyaz)",15271-BEYAZ,mtul,Beyaz,"",0.0
Sürme Cam Çıta,Cam Çıta 5 mm (934 Nimbus (Çift Yüz)),12649-934NIMBUS,mtul,934 Nimbus,"",0.0
Sürme Cam Çıta,Cam Çıta 5 mm (Antrasit Gri),12649-ANTRASIT,mtul,Antrasit Gri,"",0.0
Sürme Cam Çıta,Cam Çıta 5 mm (Beyaz),12649-BEYAZ,mtul,Beyaz,"",0.0
Legend Art Cam Çıta,"Cam Çıta 6,9 mm (934 Nimbus (Çift Yüz))",15924-934NIMBUS,mtul,934 Nimbus,"",0.0
Legend Art Cam Çıta,"Cam Çıta 6,9 mm (Antrasit Gri)",15924-ANTRASIT,mtul,Antrasit Gri,"",0.0
Legend Art Cam Çıta,"Cam Çıta 6,9 mm (Beyaz)",15924-BEYAZ,mtul,Beyaz,"",0.0
Sürme Cam Çıta,Cam Çıta 9 mm (934 Nimbus (Çift Yüz)),12648-934NIMBUS,mtul,934 Nimbus,"",0.0
Legend Cam Çıta,Cam Çıta 9 mm (934 Nimbus (Çift Yüz)),12147-934NIMBUS,mtul,934 Nimbus,"",0.0
Sürme Cam Çıta,Cam Çıta 9 mm (Antrasit Gri),12648-ANTRASIT,mtul,Antrasit Gri,"",0.0
Legend Cam Çıta,Cam Çıta 9 mm (Antrasit Gri),12147-ANTRASIT,mtul,Antrasit Gri,"",0.0
Sürme Cam Çıta,Cam Çıta 9 mm (Beyaz),12648-BEYAZ,mtul,Beyaz,"",0.0
Legend Cam Çıta,Cam Çıta 9 mm (Beyaz),12147-BEYAZ,mtul,Beyaz,"",0.0
Zendow Cam Çıta,Cam Çıta Rad. 24 mm (934 Nimbus (Çift Yüz)),12645-934NIMBUS,mtul,934 Nimbus,"",0.0
Zendow Cam Çıta,Cam Çıta Rad. 24 mm (Antrasit Gri),12645-ANTRASIT,mtul,Antrasit Gri,"",0.0
Zendow Cam Çıta,Cam Çıta Rad. 24 mm (Beyaz),12645-BEYAZ,mtul,Beyaz,"",0.0
Enjeksiyon Malzemeler,Cam Dolgusu 2 mm (26x2),13111,adet,,"",0.0
Enjeksiyon Malzemeler,Cam Dolgusu 4 mm (26x4),13110,adet,,"",0.0
Panjur Genel Malzemeleri,Çelik Askı 130 mm,13480,adet,,"",0.0
Panjur Genel Malzemeleri,Çelik Askı Yarıklı 130,13483,adet,,"",0.0
Panjur Genel Malzemeleri,Çelik Askı Yarıklı 170,13484,adet,,"",0.0
Panjur Genel Malzemeleri,Çelik Mil 40 mm,11727,adet,,"",0.0
Panjur Genel Malzemeleri,Çelik Mil 60 mm,11728,adet,,"",0.0
Destek Profilleri,Cephe Greyaj 63 (934 Nimbus (Çift Yüz)),12727-934NIMBUS,mtul,934 Nimbus,"",0.0
Destek Profilleri,Cephe Greyaj 63 (Antrasit Gri),12727-ANTRASIT,mtul,Antrasit Gri,"",0.0
Destek Profilleri,Cephe Greyaj 63 (Beyaz),12727-BEYAZ,mtul,Beyaz,"",0.0
Destek Profilleri,Cephe Kapak (934 Nimbus (Çift Yüz)),12725-934NIMBUS,mtul,934 Nimbus,"",0.0
Destek Profilleri,Cephe Kapak (Antrasit Gri),12725-ANTRASIT,mtul,Antrasit Gri,"",0.0
Destek Profilleri,Cephe Kapak (Beyaz),12725-BEYAZ,mtul,Beyaz,"",0.0
Kilit Karşılıkları,Çift Kanat Ayarlı Kilit Aynası,13428,adet,,"",0.0
Kilit Karşılıkları,Çift Kanat Kilit Karşılık,13195,adet,,"",0.0
Pencere ve Kapı Kolları,Çift Taraflı Kol Takımı 60,12900,adet,,"",0.0
Pencere ve Kapı Kolları,Çift Taraflı Kol Takımı 70,12859,adet,,"",0.0
Pencere ve Kapı Kolları,Çiftli Rozet,13114,adet,,"",0.0
Destek Profilleri,Damlalık (934 Nimbus (Çift Yüz)),12365-934NIMBUS,mtul,934 Nimbus,"",0.0
Destek Profilleri,Damlalık (Antrasit Gri),12365-ANTRASIT,mtul,Antrasit Gri,"",0.0
Destek Profilleri,Damlalık (Beyaz),12365-BEYAZ,mtul,Beyaz,"",0.0
Enjeksiyon Malzemeler,Damlalık Kapak (12365),13112,adet,,"",0.0
Sınıflandırılmamış,Dekoratif Bağ,DEKORATIF-BAG,mtul,,"",0.0
Destek Profilleri,Dekoratif Bağ (934 Nimbus (Çift Yüz)),12355-934NIMBUS,mtul,934 Nimbus,"",0.0
Destek Profilleri,Dekoratif Bağ (Antrasit Gri),12355-ANTRASIT,mtul,Antrasit Gri,"",0.0
Destek Profilleri,Dekoratif Bağ (Beyaz),12355-BEYAZ,mtul,Beyaz,"",0.0
Pervaz ve Kapatma Profilleri,Dekoratif Cam Bölme (934 Nimbus (Çift Yüz)),12272-934NIMBUS,mtul,934 Nimbus,"",0.0
Pervaz ve Kapatma Profilleri,Dekoratif Cam Bölme (Antrasit Gri),12272-ANTRASIT,mtul,Antrasit Gri,"",0.0
Pervaz ve Kapatma Profilleri,Dekoratif Cam Bölme (Beyaz),12272-BEYAZ,mtul,Beyaz,"",0.0
Doğrama Lambrileri,Derzli Lambri 150x24 mm (934 Nimbus (Çift Yüz)),11066-934NIMBUS,mtul,934 Nimbus,"",0.0
Doğrama Lambrileri,Derzli Lambri 150x24 mm (Antrasit Gri),11066-ANTRASIT,mtul,Antrasit Gri,"",0.0
Doğrama Lambrileri,Derzli Lambri 150x24 mm (Beyaz),11066-BEYAZ,mtul,Beyaz,"",0.0
Destek Sacı,"Destek Sacı 1,5 mm",DESTEK-SACI-1.5,mtul,,"",0.0
Menteşeler,Dış Açılan Menteşe 100 mm,10515,adet,,"",0.0
Panjur Yan Kit Malzemeleri,Dış Kapak 185 mm,2374,adet,,"",0.0
Panjur Yan Kit Malzemeleri,Dış Kapak 220 mm,13173,adet,,"",0.0
Kilitler,Dış Kapı Kilit 28 Eksen 28/85,12881,adet,,"",0.0
Kilitler,Dış Kapı Kilit 35/85,12882,adet,,"",0.0
Kilit Karşılıkları,Dışa Açılan Kilit Karşılık (22 Eksen),12874,adet,,"",0.0
Kilit Karşılıkları,Dışa Açılan Kilit Karşılık (25 Eksen),13462,adet,,"",0.0
Pencere ve Kapı Kolları,Dışa Açılan Kilitli Pencere Kolu,13509,adet,,"",0.0
Pencere ve Kapı Kolları,Dışa Açılan Pencere Kolu,13508,adet,,"",0.0
Pervaz ve Kapatma Profilleri,Dolgu Çıtası (934 Nimbus (Çift Yüz)),12512-934NIMBUS,mtul,934 Nimbus,"",0.0
Pervaz ve Kapatma Profilleri,Dolgu Çıtası (Antrasit Gri),12512-ANTRASIT,mtul,Antrasit Gri,"",0.0
Pervaz ve Kapatma Profilleri,Dolgu Çıtası (Beyaz),12512-BEYAZ,mtul,Beyaz,"",0.0
Legend Art Yardımcı Malzemeler,Dolgu Takoz 10322-10329,12185,adet,,"",0.0
Panjur Yan Kit Malzemeleri,Easy Cover Dış Kapak 185 mm,13489,adet,,"",0.0
Panjur Yan Kit Malzemeleri,Easy Cover Dış Kapak 220 mm,13494,adet,,"",0.0
Panjur Yan Kit Malzemeleri,Easy Cover Yan Kapak 185 mm,13487,adet,,"",0.0
Panjur Yan Kit Malzemeleri,Easy Cover Yan Kapak 220 mm,13488,adet,,"",0.0
Lambri ve Sineklik Profilleri,Ege Lambri 200 (934 Nimbus (Çift Yüz)),12551-934NIMBUS,mtul,934 Nimbus,"",0.0
Lambri ve Sineklik Profilleri,Ege Lambri 200 (Antrasit Gri),12551-ANTRASIT,mtul,Antrasit Gri,"",0.0
Lambri ve Sineklik Profilleri,Ege Lambri 200 (Beyaz),12551-BEYAZ,mtul,Beyaz,"Kapı Lambrisi, Kapı Lambri 200",0.0
Panjur Profilleri,"Ege Panjur 13,5x55 (934 Nimbus (Çift Yüz))",12707-934NIMBUS,mtul,934 Nimbus,"",0.0
Panjur Profilleri,"Ege Panjur 13,5x55 (Antrasit Gri)",12707-ANTRASIT,mtul,Antrasit Gri,"",0.0
Panjur Profilleri,"Ege Panjur 13,5x55 (Beyaz)",12707-BEYAZ,mtul,Beyaz,"",0.0
Pervaz ve Kapatma Profilleri,Ege Pervaz 60x150 mm (934 Nimbus (Çift Yüz)),12054-934NIMBUS,mtul,934 Nimbus,"",0.0
Pervaz ve Kapatma Profilleri,Ege Pervaz 60x150 mm (Antrasit Gri),12054-ANTRASIT,mtul,Antrasit Gri,"",0.0
Pervaz ve Kapatma Profilleri,Ege Pervaz 60x150 mm (Beyaz),12054-BEYAZ,mtul,Beyaz,"",0.0
Pervaz ve Kapatma Profilleri,Ege Pervaz 60x90 mm (934 Nimbus (Çift Yüz)),12055-934NIMBUS,mtul,934 Nimbus,"",0.0
Pervaz ve Kapatma Profilleri,Ege Pervaz 60x90 mm (Antrasit Gri),12055-ANTRASIT,mtul,Antrasit Gri,"",0.0
Pervaz ve Kapatma Profilleri,Ege Pervaz 60x90 mm (Beyaz),12055-BEYAZ,mtul,Beyaz,"",0.0
LS Plus Aksesuar,Egepen LS Plus Aksesuar,EGEPEN-LS-PLUS-AKSES,adet,,"",0.0
Sınıflandırılmamış,Egp Yarı Oto. 500-790/1490-1940 Renkli,EGP-YARI-OTO-500-790,adet,,"",0.0
Pencere ve Kapı Kolları,Elcik,12866,adet,,"",0.0
Kilit Karşılıkları,Everest Max Kilit Karşılık,12897,adet,,"",0.0
Fırçalar,Fırça 048x1000 (Sineklik),13133,adet,,"",0.0
Fırçalar,Fırça 048x1000 Finli (Sürme Alm. Eşik),10578,adet,,"",0.0
Fırçalar,Fırça 048x450 (Sürme Sineklik),841,adet,,"",0.0
Fırçalar,Fırça 048x550 (Panjur-LS),12963,adet,,"",0.0
Fırçalar,Fırça 048x550 Finli (Sürme Kanat),10568,adet,,"",0.0
Fırçalar,Fırça 067x1000 (Kapı Altlık Alm.),19736,adet,,"",0.0
Fırçalar,"Fırça 12,7x700 Finli",3429,adet,,"",0.0
Destek Profilleri,Gizli Bağ Profili (934 Nimbus (Çift Yüz)),12357-934NIMBUS,mtul,934 Nimbus,"",0.0
Destek Profilleri,Gizli Bağ Profili (Antrasit Gri),12357-ANTRASIT,mtul,Antrasit Gri,"",0.0
Destek Profilleri,Gizli Bağ Profili (Beyaz),12357-BEYAZ,mtul,Beyaz,"",0.0
Enjeksiyon Malzemeler,Gömme Havuz 7 mm,13119,adet,,"",0.0
Ultraslide Sürme Aksesuarları,GR3 (885-1300)Üst-dikey/(1115-1530)Alt yatay isp.,GR3-885-1300-UST-DIK,adet,,"",0.0
Ultraslide Sürme Aksesuarları,GR4 (1185-1600)Üst-dikey/(1415-1830) Alt yatay isp,GR4-1185-1600-UST-DI,adet,,"",0.0
Destek Profilleri,Greyaj (934 Nimbus (Çift Yüz)),12354-934NIMBUS,mtul,934 Nimbus,"",0.0
Destek Profilleri,Greyaj (Antrasit Gri),12354-ANTRASIT,mtul,Antrasit Gri,"",0.0
Destek Profilleri,Greyaj (Beyaz),12354-BEYAZ,mtul,Beyaz,"",0.0
Pencere ve Kapı Kolları,Harmoni Akustik Pencere Kolu,13693,adet,,"",0.0
Pencere ve Kapı Kolları,Harmoni Kapı Kolu 60-70,13691,adet,,"",0.0
Pencere ve Kapı Kolları,Harmoni Kapı Kolu 80,13692,adet,,"",0.0
Pencere ve Kapı Kolları,Harmoni Kilitli Pencere Kolu,11551,adet,,"",0.0
Pencere ve Kapı Kolları,Harmoni Pencere Kolu,13690,adet,,"",0.0
Hebeschiebe HS76 Aksesuarları,HS Ara Bağlantı Çubuk 1501-2000,10855,adet,,"",0.0
Hebeschiebe HS76 Aksesuarları,HS Ara Bağlantı Çubuk 2001-2500,10856,adet,,"",0.0
Hebeschiebe HS76 Aksesuarları,HS Ara Bağlantı Çubuk 2501-3350,10857,adet,,"",0.0
Hebeschiebe HS76 Aksesuarları,HS Ara Bağlantı Çubuk 720-1500,10854,adet,,"",0.0
Hebeschiebe HS76 Aksesuarları,HS Araba Takoz Büyük,10757,adet,,"",0.0
Hebeschiebe HS76 Aksesuarları,HS Araba Takoz Küçük,10758,adet,,"",0.0
Hebeschiebe HS76 Aksesuarları,HS Barelli Dış Kol,10769,adet,,"",0.0
Hebeschiebe HS76 Aksesuarları,HS Barelli İç Kol,10768,adet,,"",0.0
Hebeschiebe HS76 Aksesuarları,HS C-Şema Kilitleme Takımı,10860,adet,,"",0.0
HS76 Aksesuar,HS Çift Kanat Ara Takoz,13107,adet,,"",0.0
Hebeschiebe HS76 Aksesuarları,HS İspanyolet 1155-1755,10851,adet,,"",0.0
Hebeschiebe HS76 Aksesuarları,HS İspanyolet 1756-2255,10852,adet,,"",0.0
Hebeschiebe HS76 Aksesuarları,HS İspanyolet 2256-2655,10853,adet,,"",0.0
HS76 Aksesuar,HS Kanat Destek Sacı 3 mm,11467,adet,,"",0.0
HS76 Aksesuar,HS Kanat Üst Conta,11691,adet,,"",0.0
HS76 Aksesuar,HS Kasa Alm Destek,13046,adet,,"",0.0
Hebeschiebe HS76 Aksesuarları,HS Kol Takımı,10858,adet,,"",0.0
Hebeschiebe HS76 Aksesuarları,HS Stoplama F-Şema,10861,adet,,"",0.0
Hebeschiebe HS76 Aksesuarları,HS400 Araba Takım Kit,10738,adet,,"",0.0
HS76 Aksesuar,HS76 Alın Kapak,11603,adet,,"",0.0
HS76 Aksesuar,HS76 Alın Kapatma,12425,adet,,"",0.0
HS76 Aksesuar,HS76 Alm Eşik İlave,11687,adet,,"",0.0
HS76 Aksesuar,HS76 Alm Ray,11682,adet,,"",0.0
HS76 Aksesuar,HS76 Alm. Alın Birleştirme,11679,adet,,"",0.0
HS76 Aksesuar,HS76 Alm. Alt Kasa,11680,adet,,"",0.0
HS76 Aksesuar,HS76 Alm. Alt Kasa Denizlik,11683,adet,,"",0.0
HS76 Aksesuar,HS76 Alm. Alt Kasa İlave,11681,adet,,"",0.0
HS76 Aksesuar,HS76 Alm. Eşik 20 mm,11678,adet,,"",0.0
HS76 Aksesuar,HS76 Alm. Eşik Dolgu Takoz 10 cm,11516,adet,,"",0.0
HS76 Aksesuar,HS76 Alm. Eşik İlave Ray,11686,adet,,"",0.0
HS76 Aksesuar,HS76 Alm. Üst Ray,11684,adet,,"",0.0
HS76 Aksesuar,HS76 Ara Kapatma Kapak,11604,adet,,"",0.0
Hebeschiebe HS76 Aksesuarları,HS76 Araba Takım Kit (300 kg),10751,adet,,"",0.0
HS76 Aksesuar,HS76 Çift Kanat Üst Tampon,10563,adet,,"",0.0
HS76 Aksesuar,HS76 Dolgu Kit 11678,11699,adet,,"",0.0
HS76 Aksesuar,HS76 Ek Profil,12426,adet,,"",0.0
HS76 Aksesuar,HS76 Fix Adaptör Takoz Takımı,10528,adet,,"",0.0
HS76 Aksesuar,HS76 Fix Alm. Eşik İlave,10436,adet,,"",0.0
HS76 Aksesuar,HS76 Fix Alm. Kapama,10437,adet,,"",0.0
HS76 Aksesuar,HS76 Fix İzolasyon 11678,10587,adet,,"",0.0
HS76 Aksesuar,HS76 Fix İzolasyon 11680,10588,adet,,"",0.0
HS76 Aksesuar,HS76 Kanallı Alt Takoz 16 mm,11697,adet,,"",0.0
HS76 Aksesuar,HS76 Kanallı Alt Takoz 9 mm,11696,adet,,"",0.0
HS76 Ana Profiller,HS76 Kanat (934 Nimbus (Çift Yüz)),12421-934NIMBUS,mtul,934 Nimbus,"",0.0
HS76 Ana Profiller,HS76 Kanat (Antrasit Gri),12421-ANTRASIT,mtul,Antrasit Gri,"",0.0
HS76 Ana Profiller,HS76 Kanat (Beyaz),12421-BEYAZ,mtul,Beyaz,"",0.0
HS76 Aksesuar,HS76 Kanat Destek Alm,11685,adet,,"",0.0
HS76 Aksesuar,HS76 Kanat Köşe Conta,11690,adet,,"",0.0
HS76 Aksesuar,HS76 Kanat Ortakayıt Takozu,10529,adet,,"",0.0
HS76 Ana Profiller,HS76 Kasa (934 Nimbus (Çift Yüz)),12420-934NIMBUS,mtul,934 Nimbus,"",0.0
HS76 Ana Profiller,HS76 Kasa (Antrasit Gri),12420-ANTRASIT,mtul,Antrasit Gri,"",0.0
HS76 Ana Profiller,HS76 Kasa (Beyaz),12420-BEYAZ,mtul,Beyaz,"",0.0
HS76 Aksesuar,HS76 Kasa Dolgu Takozu,11694,adet,,"",0.0
HS76 Aksesuar,HS76 Kasa Fix Adaptör,12428,adet,,"",0.0
HS76 Aksesuar,HS76 Kasa İzolasyon (Alm),11693,adet,,"",0.0
HS76 Aksesuar,HS76 Kasa İzolasyon (PVC),11692,adet,,"",0.0
HS76 Aksesuar,HS76 Kasa Orta Conta,11689,adet,,"",0.0
HS76 Aksesuar,HS76 Kasa Pervaz,12427,adet,,"",0.0
HS76 Aksesuar,HS76 Kilitleme,12422,adet,,"",0.0
HS76 Aksesuar,HS76 Orta Kapatma,12423,adet,,"",0.0
HS76 Aksesuar,HS76 Sabit Kanat Takoz,11695,adet,,"",0.0
HS76 Aksesuar,HS76 Tek Kanat Üst Tampon,10564,adet,,"",0.0
Panjur Yan Kit Malzemeleri,İç Kapak 185 mm,2377,adet,,"",0.0
Panjur Yan Kit Malzemeleri,İç Kapak 185x220 mm,13147,adet,,"",0.0
Panjur Yan Kit Malzemeleri,İç Kapak 220 mm,13172,adet,,"",0.0
Panjur Yan Kit Malzemeleri,İç Kapak 220x255 mm,13174,adet,,"",0.0
Cam,Isıcam Ünitesi 24 mm (4-16-4),ISICAM-24MM,m2,,"",0.0
Sınıflandırılmamış,İsp. Kilitli Kapı Aksesuarı 28x85 Renkli,ISP-KILITLI-KAPI-AKS,adet,,"",0.0
Sınıflandırılmamış,İsp. Kilitli Kapı Aksesuarı 28x85 Renkli,ISP-KILITLI-KAPI-AKS-2,adet,,"",0.0
Sınıflandırılmamış,İsp. Kilitli Kapı Aksesuarı 28x85 Renkli,ISP-KILITLI-KAPI-AKS-3,adet,,"",0.0
Diğer Profil Tedarikçileri,K KAPI PR İÇ ANTRASİT GRİ,K-KAPI-PR-IC-ANTRASI,adet,Antrasit Gri,"",0.0
Contalar,Kanal Kapama Contası,10579,adet,,"",0.0
Pervaz ve Kapatma Profilleri,Kanal Kapama Zendow (934 Nimbus (Çift Yüz)),12366-934NIMBUS,mtul,934 Nimbus,"",0.0
Pervaz ve Kapatma Profilleri,Kanal Kapama Zendow (Antrasit Gri),12366-ANTRASIT,mtul,Antrasit Gri,"",0.0
Pervaz ve Kapatma Profilleri,Kanal Kapama Zendow (Beyaz),12366-BEYAZ,mtul,Beyaz,"",0.0
Katlanır Kapı Aksesuarları,Kanat Adaptör 68 Kapak (Zendow Katlanır),19457,adet,,"",0.0
Zendow Ana Profiller,Kanat Adaptör 68 mm (Katlanır) (934 Nimbus (Çift Yüz)),18322-934NIMBUS,mtul,934 Nimbus,"",0.0
Zendow Ana Profiller,Kanat Adaptör 68 mm (Katlanır) (Antrasit Gri),18322-ANTRASIT,mtul,Antrasit Gri,"",0.0
Zendow Ana Profiller,Kanat Adaptör 68 mm (Katlanır) (Beyaz),18322-BEYAZ,mtul,Beyaz,"",0.0
Contalar,Kanat İç TPE Conta,10581,adet,,"",0.0
Diğer Profil Tedarikçileri,KANAT PR İÇ ANTRASİT GRİ,KANAT-PR-IC-ANTRASIT,adet,Antrasit Gri,"",0.0
Pervaz ve Kapatma Profilleri,Kapatma Dar T (934 Nimbus (Çift Yüz)),12024-934NIMBUS,mtul,934 Nimbus,"",0.0
Pervaz ve Kapatma Profilleri,Kapatma Dar T (Antrasit Gri),12024-ANTRASIT,mtul,Antrasit Gri,"",0.0
Pervaz ve Kapatma Profilleri,Kapatma Dar T (Beyaz),12024-BEYAZ,mtul,Beyaz,"",0.0
Pervaz ve Kapatma Profilleri,Kapatma Geniş T (934 Nimbus (Çift Yüz)),12023-934NIMBUS,mtul,934 Nimbus,"",0.0
Pervaz ve Kapatma Profilleri,Kapatma Geniş T (Antrasit Gri),12023-ANTRASIT,mtul,Antrasit Gri,"",0.0
Pervaz ve Kapatma Profilleri,Kapatma Geniş T (Beyaz),12023-BEYAZ,mtul,Beyaz,"",0.0
Pervaz ve Kapatma Profilleri,Kapatma Geniş U (934 Nimbus (Çift Yüz)),12409-934NIMBUS,mtul,934 Nimbus,"",0.0
Pervaz ve Kapatma Profilleri,Kapatma Geniş U (Antrasit Gri),12409-ANTRASIT,mtul,Antrasit Gri,"",0.0
Pervaz ve Kapatma Profilleri,Kapatma Geniş U (Beyaz),12409-BEYAZ,mtul,Beyaz,"",0.0
Contalar,Kapı Altı Conta EPDM,12960,adet,,"",0.0
Fırçalar,Kapı Altı Fırçası 1 mt,10407,adet,,"",0.0
Eşikler,Kapı Altlık Alüminyum,19604,adet,,"",0.0
Doğrama Lambrileri,Kapı Lambri 100 mm (934 Nimbus (Çift Yüz)),12518-934NIMBUS,mtul,934 Nimbus,"",0.0
Doğrama Lambrileri,Kapı Lambri 100 mm (Antrasit Gri),12518-ANTRASIT,mtul,Antrasit Gri,"",0.0
Doğrama Lambrileri,Kapı Lambri 100 mm (Beyaz),12518-BEYAZ,mtul,Beyaz,"",0.0
Sınıflandırılmamış,Kapı Lambri 100mm Ant.Gri Çift Lm.,KAPI-LAMBRI-100MM-AN,m2,,"",0.0
Doğrama Lambrileri,Kapı Lambri 150 mm (934 Nimbus (Çift Yüz)),12519-934NIMBUS,mtul,934 Nimbus,"",0.0
Doğrama Lambrileri,Kapı Lambri 150 mm (Antrasit Gri),12519-ANTRASIT,mtul,Antrasit Gri,"",0.0
Doğrama Lambrileri,Kapı Lambri 150 mm (Beyaz),12519-BEYAZ,mtul,Beyaz,"",0.0
Sineklik Malzemeler,Kapı Sineklik Çıtçıtı,13126,adet,,"",0.0
Contalar,Kasa Montaj Conta EPDM,12959,adet,,"",0.0
Diğer Profil Tedarikçileri,KASA PR İÇ ANTRASİT GRİ,KASA-PR-IC-ANTRASIT,adet,Antrasit Gri,"",0.0
Pervaz ve Kapatma Profilleri,Kasa Uzatma 40 mm (934 Nimbus (Çift Yüz)),12063-934NIMBUS,mtul,934 Nimbus,"",0.0
Pervaz ve Kapatma Profilleri,Kasa Uzatma 40 mm (Antrasit Gri),12063-ANTRASIT,mtul,Antrasit Gri,"",0.0
Pervaz ve Kapatma Profilleri,Kasa Uzatma 40 mm (Beyaz),12063-BEYAZ,mtul,Beyaz,"",0.0
Pervaz ve Kapatma Profilleri,Kasa Uzatma 75 mm (934 Nimbus (Çift Yüz)),12064-934NIMBUS,mtul,934 Nimbus,"",0.0
Pervaz ve Kapatma Profilleri,Kasa Uzatma 75 mm (Antrasit Gri),12064-ANTRASIT,mtul,Antrasit Gri,"",0.0
Pervaz ve Kapatma Profilleri,Kasa Uzatma 75 mm (Beyaz),12064-BEYAZ,mtul,Beyaz,"",0.0
Legend Yardımcı Profiller,Kasa Yükseltme 25 mm (934 Nimbus (Çift Yüz)),12158-934NIMBUS,mtul,934 Nimbus,"",0.0
Legend Yardımcı Profiller,Kasa Yükseltme 25 mm (Antrasit Gri),12158-ANTRASIT,mtul,Antrasit Gri,"",0.0
Legend Yardımcı Profiller,Kasa Yükseltme 25 mm (Beyaz),12158-BEYAZ,mtul,Beyaz,"",0.0
Sınıflandırılmamış,Kasa Yükseltme 70*25 Ant.Gri Çift Lm.,KASA-YUKSELTME-70-25,mtul,,"",0.0
Legend Yardımcı Profiller,Kasa Yükseltme 80x100 mm (934 Nimbus (Çift Yüz)),12161-934NIMBUS,mtul,934 Nimbus,"",0.0
Legend Yardımcı Profiller,Kasa Yükseltme 80x100 mm (Antrasit Gri),12161-ANTRASIT,mtul,Antrasit Gri,"",0.0
Legend Yardımcı Profiller,Kasa Yükseltme 80x100 mm (Beyaz),12161-BEYAZ,mtul,Beyaz,"",0.0
Legend Yardımcı Profiller,Kasa Yükseltme 80x25 mm (934 Nimbus (Çift Yüz)),12159-934NIMBUS,mtul,934 Nimbus,"",0.0
Legend Yardımcı Profiller,Kasa Yükseltme 80x25 mm (Antrasit Gri),12159-ANTRASIT,mtul,Antrasit Gri,"",0.0
Legend Yardımcı Profiller,Kasa Yükseltme 80x25 mm (Beyaz),12159-BEYAZ,mtul,Beyaz,"",0.0
Legend Yardımcı Profiller,Kasa Yükseltme 80x50 mm (934 Nimbus (Çift Yüz)),12160-934NIMBUS,mtul,934 Nimbus,"",0.0
Legend Yardımcı Profiller,Kasa Yükseltme 80x50 mm (Antrasit Gri),12160-ANTRASIT,mtul,Antrasit Gri,"",0.0
Legend Yardımcı Profiller,Kasa Yükseltme 80x50 mm (Beyaz),12160-BEYAZ,mtul,Beyaz,"",0.0
Kepenk Aksesuarları,Kasaya Montaj Kilitli Alt Menteşe,12917,adet,,"",0.0
Katlanır Kapı Aksesuarları,Katlanır Alt Ray,12978,adet,,"",0.0
Katlanır Kapı Aksesuarları,Katlanır Araba Bağlantı Seti,19091,adet,,"",0.0
Katlanır Kapı Aksesuarları,Katlanır Araba Seti,19090,adet,,"",0.0
Katlanır Kapı Aksesuarları,Katlanır Araba Takımı,12818,adet,,"",0.0
Katlanır Kapı Aksesuarları,Katlanır Araba Yükseltme 4 mm (Legend Art),19097,adet,,"",0.0
Kepenk Aksesuarları,Katlanır Duvara Kanat Sabitleme,12912,adet,,"",0.0
Kepenk Aksesuarları,Katlanır Duvara Kanat Sabitleme 25 cm,12898,adet,,"",0.0
Pervaz ve Kapatma Profilleri,Katlanır Kapı Kapatma (934 Nimbus (Çift Yüz)),12511-934NIMBUS,mtul,934 Nimbus,"",0.0
Pervaz ve Kapatma Profilleri,Katlanır Kapı Kapatma (Antrasit Gri),12511-ANTRASIT,mtul,Antrasit Gri,"",0.0
Pervaz ve Kapatma Profilleri,Katlanır Kapı Kapatma (Beyaz),12511-BEYAZ,mtul,Beyaz,"",0.0
Katlanır Kapı Aksesuarları,Katlanır Kapı Menteşe,12819,adet,,"",0.0
Katlanır Kapı Aksesuarları,Katlanır Kapı Stoplama,10928,adet,,"",0.0
Kepenk Aksesuarları,Katlanır Kepenk Ara Kilitleme Mandalı,12916,adet,,"",0.0
Kepenk Aksesuarları,Katlanır Kepenk Menteşe,12913,adet,,"",0.0
Katlanır Kapı Aksesuarları,Katlanır Menteşe Grup,19092,adet,,"",0.0
Katlanır Kapı Aksesuarları,"Katlanır Menteşe Yükseltme 12,5 mm (Legend Art)",19096,adet,,"",0.0
Katlanır Kapı Aksesuarları,Katlanır Menteşe Yükseltme 17 (Legend),19094,adet,,"",0.0
Katlanır Kapı Aksesuarları,Katlanır Menteşe Yükseltme 18 (Zendow),19095,adet,,"",0.0
Katlanır Kapı Aksesuarları,Katlanır Ray Takımı,19093,adet,,"",0.0
Katlanır Kapı Aksesuarları,Katlanır Üst Ray Kit,12969,adet,,"",0.0
Diğer Yardımcı Malzemeler,Kenet Laması Düz 70 mm,13155,adet,,"",0.0
Kepenk Aksesuarları,Kepenk Alt Kilitleme,12825,adet,,"",0.0
Kepenk Aksesuarları,Kepenk Duvara Montaj Kilitleme Karşılık,12919,adet,,"",0.0
Kepenk Aksesuarları,Kepenk Duvara Montaj Menteşe,12911,adet,,"",0.0
Kepenk Sistemi Profilleri,Kepenk Kanat (934 Nimbus (Çift Yüz)),12741-934NIMBUS,mtul,934 Nimbus,"",0.0
Kepenk Sistemi Profilleri,Kepenk Kanat (Antrasit Gri),12741-ANTRASIT,mtul,Antrasit Gri,"",0.0
Kepenk Sistemi Profilleri,Kepenk Kanat (Beyaz),12741-BEYAZ,mtul,Beyaz,"",0.0
Kepenk Aksesuarları,Kepenk Kanat Kutu Destek Sacı 37x34,12940,adet,,"",0.0
Kepenk Sistemi Profilleri,Kepenk Kapatma T (934 Nimbus (Çift Yüz)),12731-934NIMBUS,mtul,934 Nimbus,"",0.0
Kepenk Sistemi Profilleri,Kepenk Kapatma T (Antrasit Gri),12731-ANTRASIT,mtul,Antrasit Gri,"",0.0
Kepenk Sistemi Profilleri,Kepenk Kapatma T (Beyaz),12731-BEYAZ,mtul,Beyaz,"",0.0
Kepenk Sistemi Profilleri,Kepenk Kasa (934 Nimbus (Çift Yüz)),12740-934NIMBUS,mtul,934 Nimbus,"",0.0
Kepenk Sistemi Profilleri,Kepenk Kasa (Antrasit Gri),12740-ANTRASIT,mtul,Antrasit Gri,"",0.0
Kepenk Sistemi Profilleri,Kepenk Kasa (Beyaz),12740-BEYAZ,mtul,Beyaz,"",0.0
Kepenk Aksesuarları,"Kepenk Kasa Destek Sacı 1,2 mm",12944,adet,,"",0.0
Kepenk Aksesuarları,"Kepenk Kasa Destek Sacı 2,0 mm",12946,adet,,"",0.0
Kepenk Aksesuarları,Kepenk Kasaya Montaj Menteşe,12910,adet,,"",0.0
Kepenk Aksesuarları,Kepenk Kilitleme Mekanizma Çubuk,12915,adet,,"",0.0
Kepenk Aksesuarları,Kepenk Kilitleme Mekanizması,12914,adet,,"",0.0
Kepenk Aksesuarları,Kepenk Kilitli Alt Menteşe Geniş,12905,adet,,"",0.0
Kepenk Aksesuarları,Kepenk Köşe Bandı,12878,adet,,"",0.0
Kepenk Aksesuarları,Kepenk Köşe Kaynak Takozu,13143,adet,,"",0.0
Kepenk Sistemi Profilleri,Kepenk Lamel (934 Nimbus (Çift Yüz)),12744-934NIMBUS,mtul,934 Nimbus,"",0.0
Kepenk Sistemi Profilleri,Kepenk Lamel (Antrasit Gri),12744-ANTRASIT,mtul,Antrasit Gri,"",0.0
Kepenk Sistemi Profilleri,Kepenk Lamel (Beyaz),12744-BEYAZ,mtul,Beyaz,"",0.0
Kepenk Aksesuarları,Kepenk Menteşe Dolgusu,12879,adet,,"",0.0
Kepenk Aksesuarları,Kepenk Menteşe Geniş,12909,adet,,"",0.0
Kepenk Aksesuarları,Kepenk Menteşe Takviye,12918,adet,,"",0.0
Kepenk Sistemi Profilleri,Kepenk Ortakayıt (934 Nimbus (Çift Yüz)),12742-934NIMBUS,mtul,934 Nimbus,"",0.0
Kepenk Sistemi Profilleri,Kepenk Ortakayıt (Antrasit Gri),12742-ANTRASIT,mtul,Antrasit Gri,"",0.0
Kepenk Sistemi Profilleri,Kepenk Ortakayıt (Beyaz),12742-BEYAZ,mtul,Beyaz,"",0.0
Kepenk Aksesuarları,Kepenk Ortakayıt Takozu,12928,adet,,"",0.0
Kepenk Sistemi Profilleri,"Kepenk Panel 26,5 mm (934 Nimbus (Çift Yüz))",12745-934NIMBUS,mtul,934 Nimbus,"",0.0
Kepenk Sistemi Profilleri,"Kepenk Panel 26,5 mm (Antrasit Gri)",12745-ANTRASIT,mtul,Antrasit Gri,"",0.0
Kepenk Sistemi Profilleri,"Kepenk Panel 26,5 mm (Beyaz)",12745-BEYAZ,mtul,Beyaz,"",0.0
Kepenk Sistemi Profilleri,Kepenk Tespit Çıta (934 Nimbus (Çift Yüz)),12743-934NIMBUS,mtul,934 Nimbus,"",0.0
Kepenk Sistemi Profilleri,Kepenk Tespit Çıta (Antrasit Gri),12743-ANTRASIT,mtul,Antrasit Gri,"",0.0
Kepenk Sistemi Profilleri,Kepenk Tespit Çıta (Beyaz),12743-BEYAZ,mtul,Beyaz,"",0.0
Alüminyum Profiller,KESİLMİŞ İŞLENMİŞ ALÜMİNYUM PROFİL,KESILMIS-ISLENMIS-AL,adet,,"",0.0
Kilit Karşılıkları,Kilit Aynası,12876,adet,,"",0.0
Kilit Karşılıkları,Kilit Karşılık (Legend-Zendow),12877,adet,,"",0.0
Kilit Karşılıkları,Kilit Karşılık (Legend-Zendow) v2,13192,adet,,"",0.0
İspanyoletler,Kilitli İspanyolet 160 cm 35/85,13347,adet,,"",0.0
İspanyoletler,Kilitli İspanyolet 180 cm 35/85,12800,adet,,"",0.0
İspanyoletler,Kilitli İspanyolet 210 cm 35/85,13340,adet,,"",0.0
İspanyoletler,Kilitli İspanyolet Tırnaklı 180 cm 35/85,12801,adet,,"",0.0
Vidalar,Klips Vidası,933,adet,,"",0.0
Zendow Ana Profiller,Klipsli Kanat Adaptör 65 mm (934 Nimbus (Çift Yüz)),12622-934NIMBUS,mtul,934 Nimbus,"",0.0
Zendow Ana Profiller,Klipsli Kanat Adaptör 65 mm (Antrasit Gri),12622-ANTRASIT,mtul,Antrasit Gri,"",0.0
Zendow Ana Profiller,Klipsli Kanat Adaptör 65 mm (Beyaz),12622-BEYAZ,mtul,Beyaz,"",0.0
Pervaz ve Kapatma Profilleri,Klipsli Pervaz (934 Nimbus (Çift Yüz)),12060-934NIMBUS,mtul,934 Nimbus,"",0.0
Pervaz ve Kapatma Profilleri,Klipsli Pervaz (Antrasit Gri),12060-ANTRASIT,mtul,Antrasit Gri,"",0.0
Pervaz ve Kapatma Profilleri,Klipsli Pervaz (Beyaz),12060-BEYAZ,mtul,Beyaz,"",0.0
Panjur Genel Malzemeleri,Kordon Klavuzu,2306,adet,,"",0.0
Legend Crown 76 Profilleri,Köşe Dönüş Boru 76 mm (934 Nimbus (Çift Yüz)),11035-934NIMBUS,mtul,934 Nimbus,"",0.0
Legend Crown 76 Profilleri,Köşe Dönüş Boru 76 mm (Antrasit Gri),11035-ANTRASIT,mtul,Antrasit Gri,"",0.0
Legend Crown 76 Profilleri,Köşe Dönüş Boru 76 mm (Beyaz),11035-BEYAZ,mtul,Beyaz,"",0.0
Legend Art Yardımcı Malzemeler,Köşe Kaynak Takozu,13146,adet,,"",0.0
Panjur Genel Malzemeleri,Kutu Bitiş Aluminyum,1315,adet,,"",0.0
Enjeksiyon Malzemeler,L Köşe Takozu 150 mm,13122,adet,,"",0.0
Enjeksiyon Malzemeler,L Köşe Takozu 90 mm,13104,adet,,"",0.0
Lambri ve Sineklik Profilleri,Lambri 200 Tek Oluk (934 Nimbus (Çift Yüz)),12524-934NIMBUS,mtul,934 Nimbus,"",0.0
Lambri ve Sineklik Profilleri,Lambri 200 Tek Oluk (Antrasit Gri),12524-ANTRASIT,mtul,Antrasit Gri,"",0.0
Lambri ve Sineklik Profilleri,Lambri 200 Tek Oluk (Beyaz),12524-BEYAZ,mtul,Beyaz,"",0.0
Lambri ve Sineklik Profilleri,Lambri Dekoratif Dönüş (934 Nimbus (Çift Yüz)),12549-934NIMBUS,mtul,934 Nimbus,"",0.0
Lambri ve Sineklik Profilleri,Lambri Dekoratif Dönüş (Antrasit Gri),12549-ANTRASIT,mtul,Antrasit Gri,"",0.0
Lambri ve Sineklik Profilleri,Lambri Dekoratif Dönüş (Beyaz),12549-BEYAZ,mtul,Beyaz,"",0.0
Panjur Genel Malzemeleri,Lamel Emniyet Yayı 37 mm,973,adet,,"",0.0
Panjur Genel Malzemeleri,Lamel Emniyet Yayı 55 mm,13151,adet,,"",0.0
Legend Art Ana Profiller,Leg Art DA Kapı Kanat (934 Nimbus (Çift Yüz)),12573-934NIMBUS,mtul,934 Nimbus,"",0.0
Legend Art Ana Profiller,Leg Art DA Kapı Kanat (Antrasit Gri),12573-ANTRASIT,mtul,Antrasit Gri,"",0.0
Legend Art Ana Profiller,Leg Art DA Kapı Kanat (Beyaz),12573-BEYAZ,mtul,Beyaz,"",0.0
Legend Art Ana Profiller,Leg Art DA Pencere Kanat (934 Nimbus (Çift Yüz)),12574-934NIMBUS,mtul,934 Nimbus,"",0.0
Legend Art Ana Profiller,Leg Art DA Pencere Kanat (Antrasit Gri),12574-ANTRASIT,mtul,Antrasit Gri,"",0.0
Legend Art Ana Profiller,Leg Art DA Pencere Kanat (Beyaz),12574-BEYAZ,mtul,Beyaz,"",0.0
Legend Art Ana Profiller,Leg Art DA Pervaz Kasa (934 Nimbus (Çift Yüz)),12563-934NIMBUS,mtul,934 Nimbus,"",0.0
Legend Art Ana Profiller,Leg Art DA Pervaz Kasa (Antrasit Gri),12563-ANTRASIT,mtul,Antrasit Gri,"",0.0
Legend Art Ana Profiller,Leg Art DA Pervaz Kasa (Beyaz),12563-BEYAZ,mtul,Beyaz,"",0.0
Legend Art Ana Profiller,Leg Art Damlalık Kanat (934 Nimbus (Çift Yüz)),12571-934NIMBUS,mtul,934 Nimbus,"",0.0
Legend Art Ana Profiller,Leg Art Damlalık Kanat (Antrasit Gri),12571-ANTRASIT,mtul,Antrasit Gri,"",0.0
Legend Art Ana Profiller,Leg Art Damlalık Kanat (Beyaz),12571-BEYAZ,mtul,Beyaz,"",0.0
Legend Art Ana Profiller,Leg Art Pervaz Kasa 73 (934 Nimbus (Çift Yüz)),12567-934NIMBUS,mtul,934 Nimbus,"",0.0
Legend Art Ana Profiller,Leg Art Pervaz Kasa 73 (Antrasit Gri),12567-ANTRASIT,mtul,Antrasit Gri,"",0.0
Legend Art Ana Profiller,Leg Art Pervaz Kasa 73 (Beyaz),12567-BEYAZ,mtul,Beyaz,"",0.0
Legend Art Ana Profiller,Leg Art Pervaz Kasa 73 Orta Contalı (934 Nimbus (Çift Yüz)),12567-OC-934NIMBUS,mtul,934 Nimbus,"",0.0
Legend Art Ana Profiller,Leg Art Pervaz Kasa 73 Orta Contalı (Antrasit Gri),12567-OC-ANTRASIT,mtul,Antrasit Gri,"",0.0
Legend Art Ana Profiller,Leg Art Pervaz Kasa 73 Orta Contalı (Beyaz),12567-OC-BEYAZ,mtul,Beyaz,"",0.0
Legend Art Yardımcı Malzemeler,Leg. Art 90 Barel 30+10+50,12887,adet,,"",0.0
Legend Art Cam Çıta,Leg.Art Cam Çıta 17/25 UC (934 Nimbus (Çift Yüz)),12148-934NIMBUS,mtul,934 Nimbus,"",0.0
Legend Art Cam Çıta,Leg.Art Cam Çıta 17/25 UC (Antrasit Gri),12148-ANTRASIT,mtul,Antrasit Gri,"",0.0
Legend Art Cam Çıta,Leg.Art Cam Çıta 17/25 UC (Beyaz),12148-BEYAZ,mtul,Beyaz,"",0.0
Legend Art Cam Çıta,Leg.Art Cam Çıta 31/25 (934 Nimbus (Çift Yüz)),12140-934NIMBUS,mtul,934 Nimbus,"",0.0
Legend Art Cam Çıta,Leg.Art Cam Çıta 31/25 (Antrasit Gri),12140-ANTRASIT,mtul,Antrasit Gri,"",0.0
Legend Art Cam Çıta,Leg.Art Cam Çıta 31/25 (Beyaz),12140-BEYAZ,mtul,Beyaz,"",0.0
Legend Art Cam Çıta,Leg.Art Cam Çıta 9/25 UC (934 Nimbus (Çift Yüz)),12149-934NIMBUS,mtul,934 Nimbus,"",0.0
Legend Art Cam Çıta,Leg.Art Cam Çıta 9/25 UC (Antrasit Gri),12149-ANTRASIT,mtul,Antrasit Gri,"",0.0
Legend Art Cam Çıta,Leg.Art Cam Çıta 9/25 UC (Beyaz),12149-BEYAZ,mtul,Beyaz,"",0.0
Legend Sürme Kasa Profili,Leg.Sürme Kasa Ant.Gri Çift Lm.,LEG-SURME-KASA-ANT-G,mtul,Antrasit Gri,"",0.0
Legend Sürme Ortakayıt Profili,Leg.Sürme Ortakayıt Ant.Gri Çift Lm.,LEG-SURME-ORTAKAYIT,mtul,Antrasit Gri,"",5.0
Legend Sürme Plus Kanat Profili,Leg.Sürme Plus Kanat H Ant.Gri Çift Lm.,LEG-SURME-PLUS-KANAT,mtul,Antrasit Gri,"",0.0
Enjeksiyon Malzemeler,Legend 2 mm Cam Dolgu,11652,adet,,"",0.0
Enjeksiyon Malzemeler,Legend 4 mm Cam Dolgu,11653,adet,,"",0.0
Pencere ve Kapı Kolları,Legend 80 WC Yaylı Kapı Kolu,12902,adet,,"",0.0
Legend Yardımcı Profiller,Legend 90 Köşe Dönüş (934 Nimbus (Çift Yüz)),12372-934NIMBUS,mtul,934 Nimbus,"",0.0
Legend Yardımcı Profiller,Legend 90 Köşe Dönüş (Antrasit Gri),12372-ANTRASIT,mtul,Antrasit Gri,"",0.0
Legend Yardımcı Profiller,Legend 90 Köşe Dönüş (Beyaz),12372-BEYAZ,mtul,Beyaz,"",0.0
Legend Yardımcı Profiller,Legend Açılı Dönüş 80 mm (Contalı) (934 Nimbus (Çift Yüz)),12369-934NIMBUS,mtul,934 Nimbus,"",0.0
Legend Yardımcı Profiller,Legend Açılı Dönüş 80 mm (Contalı) (Antrasit Gri),12369-ANTRASIT,mtul,Antrasit Gri,"",0.0
Legend Yardımcı Profiller,Legend Açılı Dönüş 80 mm (Contalı) (Beyaz),12369-BEYAZ,mtul,Beyaz,"",0.0
Eşikler,Legend Alm. Eşik Damlalık,17088,adet,,"",0.0
Eşikler,Legend Alm. Eşik Damlalık Yan Kapak Takımı,17089,adet,,"",0.0
Enjeksiyon Malzemeler,Legend Alm. Eşik Yan Kapak Takımı,11656,adet,,"",0.0
Alüminyum Profiller,Legend Alm. Takviye,13048,adet,,"",0.0
Eşikler,Legend Alüminyum Eşik 20x67 mm,13031,adet,,"",0.0
Legend Art Yardımcı Malzemeler,Legend Art Alm. Eşik Yan Kapak Takımı,13134,adet,,"",0.0
Legend Art Yardımcı Malzemeler,Legend Art Ana Cam Takozu,12083,adet,,"",0.0
Legend Art Yardımcı Malzemeler,Legend Art DA Kapı Menteşe 100,10502,adet,,"",0.0
Legend Art Yardımcı Malzemeler,Legend Art Fix Cam Takozu,12080,adet,,"",0.0
Legend Art Ana Profiller,Legend Art Kanat (934 Nimbus (Çift Yüz)),12570-934NIMBUS,mtul,934 Nimbus,"",0.0
Legend Art Ana Profiller,Legend Art Kanat (Antrasit Gri),12570-ANTRASIT,mtul,Antrasit Gri,"",0.0
Legend Art Ana Profiller,Legend Art Kanat (Beyaz),12570-BEYAZ,mtul,Beyaz,"",0.0
Legend Art Yardımcı Malzemeler,Legend Art Kanat Adaptör Kapak Takımı,12868,adet,,"",0.0
Legend Art Ana Profiller,Legend Art Kapı Kanat (934 Nimbus (Çift Yüz)),12572-934NIMBUS,mtul,934 Nimbus,"",0.0
Legend Art Ana Profiller,Legend Art Kapı Kanat (Antrasit Gri),12572-ANTRASIT,mtul,Antrasit Gri,"",0.0
Legend Art Ana Profiller,Legend Art Kapı Kanat (Beyaz),12572-BEYAZ,mtul,Beyaz,"",0.0
Legend Art Yardımcı Malzemeler,Legend Art Kapı Menteşe 100,10501,adet,,"",0.0
Legend Art Ana Profiller,Legend Art Kasa 41 (934 Nimbus (Çift Yüz)),12561-934NIMBUS,mtul,934 Nimbus,"",0.0
Legend Art Ana Profiller,Legend Art Kasa 41 (Antrasit Gri),12561-ANTRASIT,mtul,Antrasit Gri,"",0.0
Legend Art Ana Profiller,Legend Art Kasa 41 (Beyaz),12561-BEYAZ,mtul,Beyaz,"",0.0
Legend Art Ana Profiller,Legend Art Kasa 41 Orta Contalı (934 Nimbus (Çift Yüz)),12561-OC-934NIMBUS,mtul,934 Nimbus,"",0.0
Legend Art Ana Profiller,Legend Art Kasa 41 Orta Contalı (Antrasit Gri),12561-OC-ANTRASIT,mtul,Antrasit Gri,"",0.0
Legend Art Ana Profiller,Legend Art Kasa 41 Orta Contalı (Beyaz),12561-OC-BEYAZ,mtul,Beyaz,"",0.0
Legend Art Yardımcı Malzemeler,Legend Art Kilit Karşılığı 13,10821,adet,,"",0.0
Legend Art Ana Profiller,Legend Art Klipsli Kanat Adaptörü (934 Nimbus (Çift Yüz)),12581-934NIMBUS,mtul,934 Nimbus,"",0.0
Legend Art Ana Profiller,Legend Art Klipsli Kanat Adaptörü (Antrasit Gri),12581-ANTRASIT,mtul,Antrasit Gri,"",0.0
Legend Art Ana Profiller,Legend Art Klipsli Kanat Adaptörü (Beyaz),12581-BEYAZ,mtul,Beyaz,"",0.0
Legend Art Ana Profiller,Legend Art Ortakayıt 40 (934 Nimbus (Çift Yüz)),12587-934NIMBUS,mtul,934 Nimbus,"",0.0
Legend Art Ana Profiller,Legend Art Ortakayıt 40 (Antrasit Gri),12587-ANTRASIT,mtul,Antrasit Gri,"",0.0
Legend Art Ana Profiller,Legend Art Ortakayıt 40 (Beyaz),12587-BEYAZ,mtul,Beyaz,"",0.0
Legend Art Ana Profiller,Legend Art Ortakayıt 40 Orta Contalı (934 Nimbus (Çift Yüz)),12587-OC-934NIMBUS,mtul,934 Nimbus,"",0.0
Legend Art Ana Profiller,Legend Art Ortakayıt 40 Orta Contalı (Antrasit Gri),12587-OC-ANTRASIT,mtul,Antrasit Gri,"",0.0
Legend Art Ana Profiller,Legend Art Ortakayıt 40 Orta Contalı (Beyaz),12587-OC-BEYAZ,mtul,Beyaz,"",0.0
Legend Art Yardımcı Malzemeler,Legend Art Ortakayıt Takozu,12893,adet,,"",0.0
Legend Art Yardımcı Malzemeler,Legend Art Pencere Menteşe 75,10500,adet,,"",0.0
Legend Art Ana Profiller,Legend Art Statik Ortakayıt (934 Nimbus (Çift Yüz)),12582-934NIMBUS,mtul,934 Nimbus,"",0.0
Legend Art Ana Profiller,Legend Art Statik Ortakayıt (Antrasit Gri),12582-ANTRASIT,mtul,Antrasit Gri,"",0.0
Legend Art Ana Profiller,Legend Art Statik Ortakayıt (Beyaz),12582-BEYAZ,mtul,Beyaz,"",0.0
Legend Art Ana Profiller,Legend Art Statik Ortakayıt 120/67 UC (934 Nimbus (Çift Yüz)),10329-934NIMBUS,mtul,934 Nimbus,"",0.0
Legend Art Ana Profiller,Legend Art Statik Ortakayıt 120/67 UC (Antrasit Gri),10329-ANTRASIT,mtul,Antrasit Gri,"",0.0
Legend Art Ana Profiller,Legend Art Statik Ortakayıt 120/67 UC (Beyaz),10329-BEYAZ,mtul,Beyaz,"",0.0
Legend Art Ana Profiller,Legend Art Statik Ortakayıt 90/67 UC (934 Nimbus (Çift Yüz)),12124-934NIMBUS,mtul,934 Nimbus,"",0.0
Legend Art Ana Profiller,Legend Art Statik Ortakayıt 90/67 UC (Antrasit Gri),12124-ANTRASIT,mtul,Antrasit Gri,"",0.0
Legend Art Ana Profiller,Legend Art Statik Ortakayıt 90/67 UC (Beyaz),12124-BEYAZ,mtul,Beyaz,"",0.0
Legend Art Yardımcı Malzemeler,Legend Art Statik Ortakayıt Takozu,12896,adet,,"",0.0
Eşikler,Legend Art Yalıtımlı Eşik Yan Kapak Takımı,13129,adet,,"",0.0
Legend Art Ana Profiller,Legend Art Z Ortakayıt (934 Nimbus (Çift Yüz)),12583-934NIMBUS,mtul,934 Nimbus,"",0.0
Legend Art Ana Profiller,Legend Art Z Ortakayıt (Antrasit Gri),12583-ANTRASIT,mtul,Antrasit Gri,"",0.0
Legend Art Ana Profiller,Legend Art Z Ortakayıt (Beyaz),12583-BEYAZ,mtul,Beyaz,"",0.0
Legend Ana Profiller,Legend Cephe Kanat Adaptör (934 Nimbus (Çift Yüz)),10224-934NIMBUS,mtul,934 Nimbus,"",0.0
Legend Ana Profiller,Legend Cephe Kanat Adaptör (Antrasit Gri),10224-ANTRASIT,mtul,Antrasit Gri,"",0.0
Legend Ana Profiller,Legend Cephe Kanat Adaptör (Beyaz),10224-BEYAZ,mtul,Beyaz,"",0.0
Eşikler,Legend Çift Kanat Alm. Eşik Damlalık Yan Kapak,11667,adet,,"",0.0
Ortakayıt Takozları,Legend Crown 70 Ortakayıt Takoz,10540,adet,,"",0.0
Legend Crown 76 Profilleri,Legend Crown 76 Kasa (934 Nimbus (Çift Yüz)),10103-934NIMBUS,mtul,934 Nimbus,"",0.0
Legend Crown 76 Profilleri,Legend Crown 76 Kasa (Antrasit Gri),10103-ANTRASIT,mtul,Antrasit Gri,"",0.0
Legend Crown 76 Profilleri,Legend Crown 76 Kasa (Beyaz),10103-BEYAZ,mtul,Beyaz,"",0.0
Legend Crown 76 Profilleri,Legend Crown 76 Orta Kayıt (934 Nimbus (Çift Yüz)),10123-934NIMBUS,mtul,934 Nimbus,"",0.0
Legend Crown 76 Profilleri,Legend Crown 76 Orta Kayıt (Antrasit Gri),10123-ANTRASIT,mtul,Antrasit Gri,"",0.0
Legend Crown 76 Profilleri,Legend Crown 76 Orta Kayıt (Beyaz),10123-BEYAZ,mtul,Beyaz,"",0.0
Ortakayıt Takozları,Legend Crown 76 Ortakayıt Takoz,10546,adet,,"",0.0
Legend Crown 76 Profilleri,Legend Crown 76 Pervaz Kasa (934 Nimbus (Çift Yüz)),10104-934NIMBUS,mtul,934 Nimbus,"",0.0
Legend Crown 76 Profilleri,Legend Crown 76 Pervaz Kasa (Antrasit Gri),10104-ANTRASIT,mtul,Antrasit Gri,"",0.0
Legend Crown 76 Profilleri,Legend Crown 76 Pervaz Kasa (Beyaz),10104-BEYAZ,mtul,Beyaz,"",0.0
Legend Crown 76 Profilleri,Legend Crown 76 Statik T 2 Oda (934 Nimbus (Çift Yüz)),10129-934NIMBUS,mtul,934 Nimbus,"",0.0
Legend Crown 76 Profilleri,Legend Crown 76 Statik T 2 Oda (Antrasit Gri),10129-ANTRASIT,mtul,Antrasit Gri,"",0.0
Legend Crown 76 Profilleri,Legend Crown 76 Statik T 2 Oda (Beyaz),10129-BEYAZ,mtul,Beyaz,"",0.0
Legend Crown 76 Profilleri,Legend Crown 76 Statik T 3 Oda (934 Nimbus (Çift Yüz)),10128-934NIMBUS,mtul,934 Nimbus,"",0.0
Legend Crown 76 Profilleri,Legend Crown 76 Statik T 3 Oda (Antrasit Gri),10128-ANTRASIT,mtul,Antrasit Gri,"",0.0
Legend Crown 76 Profilleri,Legend Crown 76 Statik T 3 Oda (Beyaz),10128-BEYAZ,mtul,Beyaz,"",0.0
Legend Crown 76 Profilleri,Legend Crown Damlalıklı Kanat (934 Nimbus (Çift Yüz)),10130-934NIMBUS,mtul,934 Nimbus,"",0.0
Legend Crown 76 Profilleri,Legend Crown Damlalıklı Kanat (Antrasit Gri),10130-ANTRASIT,mtul,Antrasit Gri,"",0.0
Legend Crown 76 Profilleri,Legend Crown Damlalıklı Kanat (Beyaz),10130-BEYAZ,mtul,Beyaz,"",0.0
Legend Crown 76 Profilleri,Legend Crown Dış Aç. Kapı Kanat (934 Nimbus (Çift Yüz)),10112-934NIMBUS,mtul,934 Nimbus,"",0.0
Legend Crown 76 Profilleri,Legend Crown Dış Aç. Kapı Kanat (Antrasit Gri),10112-ANTRASIT,mtul,Antrasit Gri,"",0.0
Legend Crown 76 Profilleri,Legend Crown Dış Aç. Kapı Kanat (Beyaz),10112-BEYAZ,mtul,Beyaz,"",0.0
Legend Crown Profilleri,Legend Crown Kanat (934 Nimbus (Çift Yüz)),10110-934NIMBUS,mtul,934 Nimbus,"",0.0
Legend Crown Profilleri,Legend Crown Kanat (Antrasit Gri),10110-ANTRASIT,mtul,Antrasit Gri,"",0.0
Legend Crown Profilleri,Legend Crown Kanat (Beyaz),10110-BEYAZ,mtul,Beyaz,"",0.0
Legend Crown Profilleri,Legend Crown Kapı Kanat (934 Nimbus (Çift Yüz)),10111-934NIMBUS,mtul,934 Nimbus,"",0.0
Legend Crown Profilleri,Legend Crown Kapı Kanat (Antrasit Gri),10111-ANTRASIT,mtul,Antrasit Gri,"",0.0
Legend Crown Profilleri,Legend Crown Kapı Kanat (Beyaz),10111-BEYAZ,mtul,Beyaz,"",0.0
Legend Crown Profilleri,Legend Crown Kasa (934 Nimbus (Çift Yüz)),10100-934NIMBUS,mtul,934 Nimbus,"",0.0
Legend Crown Profilleri,Legend Crown Kasa (Antrasit Gri),10100-ANTRASIT,mtul,Antrasit Gri,"",0.0
Legend Crown Profilleri,Legend Crown Kasa (Beyaz),10100-BEYAZ,mtul,Beyaz,"",0.0
Legend Crown Profilleri,Legend Crown Ortakayıt (934 Nimbus (Çift Yüz)),10120-934NIMBUS,mtul,934 Nimbus,"",0.0
Legend Crown Profilleri,Legend Crown Ortakayıt (Antrasit Gri),10120-ANTRASIT,mtul,Antrasit Gri,"",0.0
Legend Crown Profilleri,Legend Crown Ortakayıt (Beyaz),10120-BEYAZ,mtul,Beyaz,"",0.0
Legend Crown Profilleri,Legend Crown Pervaz Kasa (934 Nimbus (Çift Yüz)),10102-934NIMBUS,mtul,934 Nimbus,"",0.0
Legend Crown Profilleri,Legend Crown Pervaz Kasa (Antrasit Gri),10102-ANTRASIT,mtul,Antrasit Gri,"",0.0
Legend Crown Profilleri,Legend Crown Pervaz Kasa (Beyaz),10102-BEYAZ,mtul,Beyaz,"",0.0
Ortakayıt Takozları,Legend Crown Statik Ortakayıt Takoz,10536,adet,,"",0.0
Legend Ana Profiller,Legend D.A. Kapı Kanat (934 Nimbus (Çift Yüz)),12133-934NIMBUS,mtul,934 Nimbus,"",0.0
Legend Ana Profiller,Legend D.A. Kapı Kanat (Antrasit Gri),12133-ANTRASIT,mtul,Antrasit Gri,"",0.0
Legend Ana Profiller,Legend D.A. Kapı Kanat (Beyaz),12133-BEYAZ,mtul,Beyaz,"",0.0
Legend Ana Profiller,Legend Damlalıklı Kanat (934 Nimbus (Çift Yüz)),12131-934NIMBUS,mtul,934 Nimbus,"",0.0
Legend Ana Profiller,Legend Damlalıklı Kanat (Antrasit Gri),12131-ANTRASIT,mtul,Antrasit Gri,"",0.0
Legend Ana Profiller,Legend Damlalıklı Kanat (Beyaz),12131-BEYAZ,mtul,Beyaz,"",0.0
Menteşeler,Legend Dış Aç Menteşe,12191,adet,,"",0.0
Legend Ana Profiller,Legend Dışa Açılan Pencere Kanat (934 Nimbus (Çift Yüz)),12137-934NIMBUS,mtul,934 Nimbus,"",0.0
Legend Ana Profiller,Legend Dışa Açılan Pencere Kanat (Antrasit Gri),12137-ANTRASIT,mtul,Antrasit Gri,"",0.0
Legend Ana Profiller,Legend Dışa Açılan Pencere Kanat (Beyaz),12137-BEYAZ,mtul,Beyaz,"",0.0
Enjeksiyon Malzemeler,Legend Fiks Ana Cam Takoz,11660,adet,,"",0.0
Legend Ana Profiller,Legend Kanat (934 Nimbus (Çift Yüz)),12130-934NIMBUS,mtul,934 Nimbus,"",0.0
Legend Ana Profiller,Legend Kanat (Antrasit Gri),12130-ANTRASIT,mtul,Antrasit Gri,"",0.0
Legend Ana Profiller,Legend Kanat (Beyaz),12130-BEYAZ,mtul,Beyaz,"",0.0
Legend Ana Profiller,Legend Kanat Adaptör (934 Nimbus (Çift Yüz)),10221-934NIMBUS,mtul,934 Nimbus,"",0.0
Legend Ana Profiller,Legend Kanat Adaptör (Antrasit Gri),10221-ANTRASIT,mtul,Antrasit Gri,"",0.0
Legend Ana Profiller,Legend Kanat Adaptör (Beyaz),10221-BEYAZ,mtul,Beyaz,"",0.0
Enjeksiyon Malzemeler,Legend Kanat Adaptör Kapak Takımı,11649,adet,,"",0.0
Legend Ana Profiller,Legend Kapı Kanat (934 Nimbus (Çift Yüz)),12132-934NIMBUS,mtul,934 Nimbus,"",0.0
Legend Ana Profiller,Legend Kapı Kanat (Antrasit Gri),12132-ANTRASIT,mtul,Antrasit Gri,"",0.0
Legend Ana Profiller,Legend Kapı Kanat (Beyaz),12132-BEYAZ,mtul,Beyaz,"",0.0
Enjeksiyon Malzemeler,Legend Kapı Köşe Takozu,13533,adet,,"",0.0
Legend Ana Profiller,Legend Kasa (934 Nimbus (Çift Yüz)),12101-934NIMBUS,mtul,934 Nimbus,"",0.0
Legend Ana Profiller,Legend Kasa (Antrasit Gri),12101-ANTRASIT,mtul,Antrasit Gri,"",0.0
Legend Ana Profiller,Legend Kasa (Beyaz),12101-BEYAZ,mtul,Beyaz,"",0.0
Legend Ana Profiller,Legend Kasa 120/67 (934 Nimbus (Çift Yüz)),10309-934NIMBUS,mtul,934 Nimbus,"",0.0
Legend Ana Profiller,Legend Kasa 120/67 (Antrasit Gri),10309-ANTRASIT,mtul,Antrasit Gri,"",0.0
Legend Ana Profiller,Legend Kasa 120/67 (Beyaz),10309-BEYAZ,mtul,Beyaz,"",0.0
Legend Ana Profiller,Legend Ortakayıt (934 Nimbus (Çift Yüz)),12122-934NIMBUS,mtul,934 Nimbus,"",0.0
Legend Ana Profiller,Legend Ortakayıt (Antrasit Gri),12122-ANTRASIT,mtul,Antrasit Gri,"",0.0
Legend Ana Profiller,Legend Ortakayıt (Beyaz),12122-BEYAZ,mtul,Beyaz,"",0.0
Legend Ana Profiller,Legend Ortakayıt 4. Conta (934 Nimbus (Çift Yüz)),12122-4C-934NIMBUS,mtul,934 Nimbus,"",0.0
Legend Ana Profiller,Legend Ortakayıt 4. Conta (Antrasit Gri),12122-4C-ANTRASIT,mtul,Antrasit Gri,"",0.0
Legend Ana Profiller,Legend Ortakayıt 4. Conta (Beyaz),12122-4C-BEYAZ,mtul,Beyaz,"",0.0
Ortakayıt Takozları,Legend Ortakayıt Takozu,12192,adet,,"",0.0
Menteşeler,Legend Pencere Menteşe,12190,adet,,"",0.0
Legend Ana Profiller,Legend Pervaz Kasa (934 Nimbus (Çift Yüz)),12102-934NIMBUS,mtul,934 Nimbus,"",0.0
Legend Ana Profiller,Legend Pervaz Kasa (Antrasit Gri),12102-ANTRASIT,mtul,Antrasit Gri,"",0.0
Legend Ana Profiller,Legend Pervaz Kasa (Beyaz),12102-BEYAZ,mtul,Beyaz,"",0.0
Legend Ana Profiller,Legend Statik Kapı Kanat (934 Nimbus (Çift Yüz)),12134-934NIMBUS,mtul,934 Nimbus,"",0.0
Legend Ana Profiller,Legend Statik Kapı Kanat (Antrasit Gri),12134-ANTRASIT,mtul,Antrasit Gri,"",0.0
Legend Ana Profiller,Legend Statik Kapı Kanat (Beyaz),12134-BEYAZ,mtul,Beyaz,"",0.0
Ortakayıt Takozları,Legend Statik Ortakayıt Takozu 10322,10531,adet,,"",0.0
Legend Ana Profiller,Legend Statik T (934 Nimbus (Çift Yüz)),12123-934NIMBUS,mtul,934 Nimbus,"",0.0
Legend Ana Profiller,Legend Statik T (Antrasit Gri),12123-ANTRASIT,mtul,Antrasit Gri,"",0.0
Legend Ana Profiller,Legend Statik T (Beyaz),12123-BEYAZ,mtul,Beyaz,"",0.0
Legend Ana Profiller,Legend Statik T 120/67 (934 Nimbus (Çift Yüz)),10322-934NIMBUS,mtul,934 Nimbus,"",0.0
Legend Ana Profiller,Legend Statik T 120/67 (Antrasit Gri),10322-ANTRASIT,mtul,Antrasit Gri,"",0.0
Legend Ana Profiller,Legend Statik T 120/67 (Beyaz),10322-BEYAZ,mtul,Beyaz,"",0.0
Legend Sürme Plus Ana Profiller,Legend Sürme Kasa (934 Nimbus (Çift Yüz)),12480-934NIMBUS,mtul,934 Nimbus,"",0.0
Legend Sürme Plus Ana Profiller,Legend Sürme Kasa (Antrasit Gri),12480-ANTRASIT,mtul,Antrasit Gri,"",0.0
Legend Sürme Plus Ana Profiller,Legend Sürme Kasa (Beyaz),12480-BEYAZ,mtul,Beyaz,"",0.0
Legend Sürme Plus Ana Profiller,Legend Sürme Ortakayıt (934 Nimbus (Çift Yüz)),5125-934NIMBUS,mtul,934 Nimbus,"",0.0
Legend Sürme Plus Ana Profiller,Legend Sürme Ortakayıt (Antrasit Gri),5125-ANTRASIT,mtul,Antrasit Gri,"",0.0
Legend Sürme Plus Ana Profiller,Legend Sürme Ortakayıt (Beyaz),5125-BEYAZ,mtul,Beyaz,"",0.0
Contalar,Legend TPE Kanat Dış Conta,16997,adet,,"",0.0
Contalar,Legend TPE Kanat İç Conta,16998,adet,,"",0.0
Contalar,Legend TPE Orta Conta,3297,adet,,"",0.0
Eşikler,Legend Yalıtımlı Alm. Eşik 20x80,12977,adet,,"",0.0
Eşikler,Legend Yalıtımlı Alm. Eşik Yan Kapak Takımı,13138,adet,,"",0.0
Legend Sürme Plus Aksesuar,LS Alm. Yan Kapak Destek,13037,adet,,"",0.0
Legend Sürme Plus Aksesuar,LS Çift Taraflı Kol 18 cm,11555,adet,,"",0.0
Legend Sürme Plus Aksesuar,"LS Kasa Des. II Sacı 1,2",11466,adet,,"",0.0
Legend Sürme Plus Aksesuar,"LS Kasa Des. II Sacı 1,5",11468,adet,,"",0.0
Legend Sürme Plus Aksesuar,"LS Kasa Des. Sacı 1,2",11470,adet,,"",0.0
Legend Sürme Plus Aksesuar,LS Kol 50,11552,adet,,"",0.0
Legend Sürme Plus Ana Profiller,LS Plus Alın Kapatma H (934 Nimbus (Çift Yüz)),12493-934NIMBUS,mtul,934 Nimbus,"",0.0
Legend Sürme Plus Ana Profiller,LS Plus Alın Kapatma H (Antrasit Gri),12493-ANTRASIT,mtul,Antrasit Gri,"",0.0
Legend Sürme Plus Ana Profiller,LS Plus Alın Kapatma H (Beyaz),12493-BEYAZ,mtul,Beyaz,"",0.0
Legend Sürme Plus Ana Profiller,LS Plus Kanat H (934 Nimbus (Çift Yüz)),12491-934NIMBUS,mtul,934 Nimbus,"",0.0
Legend Sürme Plus Ana Profiller,LS Plus Kanat H (Antrasit Gri),12491-ANTRASIT,mtul,Antrasit Gri,"",0.0
Legend Sürme Plus Ana Profiller,LS Plus Kanat H (Beyaz),12491-BEYAZ,mtul,Beyaz,"",0.0
Legend Sürme Plus Ana Profiller,LS Plus Kasa Kapatma 76 H (934 Nimbus (Çift Yüz)),12492-934NIMBUS,mtul,934 Nimbus,"",0.0
Legend Sürme Plus Ana Profiller,LS Plus Kasa Kapatma 76 H (Antrasit Gri),12492-ANTRASIT,mtul,Antrasit Gri,"",0.0
Legend Sürme Plus Ana Profiller,LS Plus Kasa Kapatma 76 H (Beyaz),12492-BEYAZ,mtul,Beyaz,"",0.0
Legend Sürme Plus Aksesuar,LS PVC Ortakayıt Takoz,10537,adet,,"",0.0
Pencere ve Kapı Kolları,Melodi Kapı Kolu,13341,adet,,"",0.0
Pencere ve Kapı Kolları,Melodi Pencere Kolu,12870,adet,,"",0.0
Pencere ve Kapı Kolları,Melodi WC Kapı Kolu,13342,adet,,"",0.0
Menteşeler,Menteşe 100 mm,10514,adet,,"",0.0
Menteşeler,Menteşe 75 mm,10510,adet,,"",0.0
Enjeksiyon Malzemeler,Mesafe Takozu 12 mm,11642,adet,,"",0.0
Panjur Profilleri,Mini Panjur 8x37 (934 Nimbus (Çift Yüz)),295-934NIMBUS,mtul,934 Nimbus,"",0.0
Panjur Profilleri,Mini Panjur 8x37 (Antrasit Gri),295-ANTRASIT,mtul,Antrasit Gri,"",0.0
Panjur Profilleri,Mini Panjur 8x37 (Beyaz),295-BEYAZ,mtul,Beyaz,"",0.0
Enjeksiyon Malzemeler,Montaj Tapası,11600,adet,,"",0.0
Enjeksiyon Malzemeler,Montaj Vida Tapası,13100,adet,,"",0.0
Vidalar,Montaj Vidası (Genel),MONTAJ-VIDASI,adet,,"",0.0
Nakliye ve Hizmet Bedelleri,Nakliye Bedeli,NAKLIYE-BEDELI,adet,,"",0.0
Panjur Profilleri,Orta Dikme 12 mm (934 Nimbus (Çift Yüz)),12452-934NIMBUS,mtul,934 Nimbus,"",0.0
Panjur Profilleri,Orta Dikme 12 mm (Antrasit Gri),12452-ANTRASIT,mtul,Antrasit Gri,"",0.0
Panjur Profilleri,Orta Dikme 12 mm (Beyaz),12452-BEYAZ,mtul,Beyaz,"",0.0
Panjur Profilleri,Orta Dikme 18 mm (934 Nimbus (Çift Yüz)),12453-934NIMBUS,mtul,934 Nimbus,"",0.0
Panjur Profilleri,Orta Dikme 18 mm (Antrasit Gri),12453-ANTRASIT,mtul,Antrasit Gri,"",0.0
Panjur Profilleri,Orta Dikme 18 mm (Beyaz),12453-BEYAZ,mtul,Beyaz,"",0.0
Panjur Orta Bölme Malzemeleri,Orta Kapak Soketi R28,13177,adet,,"",0.0
Panjur Profilleri,Ötelemeli Yan Dikme 12 (934 Nimbus (Çift Yüz)),12454-934NIMBUS,mtul,934 Nimbus,"",0.0
Panjur Profilleri,Ötelemeli Yan Dikme 12 (Antrasit Gri),12454-ANTRASIT,mtul,Antrasit Gri,"",0.0
Panjur Profilleri,Ötelemeli Yan Dikme 12 (Beyaz),12454-BEYAZ,mtul,Beyaz,"",0.0
Panjur Profilleri,Ötelemeli Yan Dikme 18 (934 Nimbus (Çift Yüz)),12455-934NIMBUS,mtul,934 Nimbus,"",0.0
Panjur Profilleri,Ötelemeli Yan Dikme 18 (Antrasit Gri),12455-ANTRASIT,mtul,Antrasit Gri,"",0.0
Panjur Profilleri,Ötelemeli Yan Dikme 18 (Beyaz),12455-BEYAZ,mtul,Beyaz,"",0.0
Eşikler,Otomatik Eşik 1030 mm,13397,adet,,"",0.0
Panjur Genel Malzemeleri,Otomatik Makara,934,adet,,"",0.0
Panjur Profilleri,Oval Kapatma (934 Nimbus (Çift Yüz)),12444-934NIMBUS,mtul,934 Nimbus,"",0.0
Panjur Profilleri,Oval Kapatma (Antrasit Gri),12444-ANTRASIT,mtul,Antrasit Gri,"",0.0
Panjur Profilleri,Oval Kapatma (Beyaz),12444-BEYAZ,mtul,Beyaz,"",0.0
Panjur Genel Malzemeleri,Panjur Bitiş Aluminyum,974,adet,,"",0.0
Panjur Genel Malzemeleri,Panjur Destek Sacı,1318,adet,,"",0.0
Panjur Profilleri,Panjur Dikme Adaptörü 42 mm (934 Nimbus (Çift Yüz)),12442-934NIMBUS,mtul,934 Nimbus,"",0.0
Panjur Profilleri,Panjur Dikme Adaptörü 42 mm (Antrasit Gri),12442-ANTRASIT,mtul,Antrasit Gri,"",0.0
Panjur Profilleri,Panjur Dikme Adaptörü 42 mm (Beyaz),12442-BEYAZ,mtul,Beyaz,"",0.0
Panjur Profilleri,Panjur Dikme Adaptörü 55 mm (934 Nimbus (Çift Yüz)),12440-934NIMBUS,mtul,934 Nimbus,"",0.0
Panjur Profilleri,Panjur Dikme Adaptörü 55 mm (Antrasit Gri),12440-ANTRASIT,mtul,Antrasit Gri,"",0.0
Panjur Profilleri,Panjur Dikme Adaptörü 55 mm (Beyaz),12440-BEYAZ,mtul,Beyaz,"",0.0
Panjur Orta Bölme Malzemeleri,Panjur Geçiş Soketi 185/40,13167,adet,,"",0.0
Panjur Orta Bölme Malzemeleri,Panjur Geçiş Soketi 185/60,13168,adet,,"",0.0
Panjur Orta Bölme Malzemeleri,Panjur Geçiş Soketi 220/40,13153,adet,,"",0.0
Panjur Orta Bölme Malzemeleri,Panjur Geçiş Soketi 220/60,13154,adet,,"",0.0
Panjur Genel Malzemeleri,Panjur Gömme Kapak 185 mm,13495,adet,,"",0.0
Panjur Genel Malzemeleri,Panjur Gömme Kapak 220 mm,13496,adet,,"",0.0
Panjur Genel Malzemeleri,Panjur Kutu Alt Bağlantı Alm.,13053,adet,,"",0.0
Storbox Panjur Sistemi,Panjur Kutu Alt Kapak 185 mm (934 Nimbus (Çift Yüz)),1303-934NIMBUS,mtul,934 Nimbus,"",0.0
Storbox Panjur Sistemi,Panjur Kutu Alt Kapak 185 mm (Antrasit Gri),1303-ANTRASIT,mtul,Antrasit Gri,"",0.0
Storbox Panjur Sistemi,Panjur Kutu Alt Kapak 185 mm (Beyaz),1303-BEYAZ,mtul,Beyaz,"",0.0
Storbox Panjur Sistemi,Panjur Kutu Alt Kapak 220 mm (934 Nimbus (Çift Yüz)),1304-934NIMBUS,mtul,934 Nimbus,"",0.0
Storbox Panjur Sistemi,Panjur Kutu Alt Kapak 220 mm (Antrasit Gri),1304-ANTRASIT,mtul,Antrasit Gri,"",0.0
Storbox Panjur Sistemi,Panjur Kutu Alt Kapak 220 mm (Beyaz),1304-BEYAZ,mtul,Beyaz,"",0.0
Storbox Panjur Sistemi,Panjur Kutu Alt Kapak 255 mm (934 Nimbus (Çift Yüz)),1305-934NIMBUS,mtul,934 Nimbus,"",0.0
Storbox Panjur Sistemi,Panjur Kutu Alt Kapak 255 mm (Antrasit Gri),1305-ANTRASIT,mtul,Antrasit Gri,"",0.0
Storbox Panjur Sistemi,Panjur Kutu Alt Kapak 255 mm (Beyaz),1305-BEYAZ,mtul,Beyaz,"",0.0
Storbox Panjur Sistemi,Panjur Kutu Kapak 185 mm (934 Nimbus (Çift Yüz)),1300-934NIMBUS,mtul,934 Nimbus,"",0.0
Storbox Panjur Sistemi,Panjur Kutu Kapak 185 mm (Antrasit Gri),1300-ANTRASIT,mtul,Antrasit Gri,"",0.0
Storbox Panjur Sistemi,Panjur Kutu Kapak 185 mm (Beyaz),1300-BEYAZ,mtul,Beyaz,"",0.0
Storbox Panjur Sistemi,Panjur Kutu Kapak 220 mm (934 Nimbus (Çift Yüz)),1301-934NIMBUS,mtul,934 Nimbus,"",0.0
Storbox Panjur Sistemi,Panjur Kutu Kapak 220 mm (Antrasit Gri),1301-ANTRASIT,mtul,Antrasit Gri,"",0.0
Storbox Panjur Sistemi,Panjur Kutu Kapak 220 mm (Beyaz),1301-BEYAZ,mtul,Beyaz,"",0.0
Storbox Panjur Sistemi,Panjur Kutu Kapak 255 mm (934 Nimbus (Çift Yüz)),1302-934NIMBUS,mtul,934 Nimbus,"",0.0
Storbox Panjur Sistemi,Panjur Kutu Kapak 255 mm (Antrasit Gri),1302-ANTRASIT,mtul,Antrasit Gri,"",0.0
Storbox Panjur Sistemi,Panjur Kutu Kapak 255 mm (Beyaz),1302-BEYAZ,mtul,Beyaz,"",0.0
Storbox Panjur Sistemi,Panjur Kutu TK 185 mm (934 Nimbus (Çift Yüz)),1370-934NIMBUS,mtul,934 Nimbus,"",0.0
Storbox Panjur Sistemi,Panjur Kutu TK 185 mm (Antrasit Gri),1370-ANTRASIT,mtul,Antrasit Gri,"",0.0
Storbox Panjur Sistemi,Panjur Kutu TK 185 mm (Beyaz),1370-BEYAZ,mtul,Beyaz,"",0.0
Storbox Panjur Sistemi,Panjur Kutu TK 220 mm (934 Nimbus (Çift Yüz)),1371-934NIMBUS,mtul,934 Nimbus,"",0.0
Storbox Panjur Sistemi,Panjur Kutu TK 220 mm (Antrasit Gri),1371-ANTRASIT,mtul,Antrasit Gri,"",0.0
Storbox Panjur Sistemi,Panjur Kutu TK 220 mm (Beyaz),1371-BEYAZ,mtul,Beyaz,"",0.0
Panjur Genel Malzemeleri,Panjur Takviye Destek Sacı,12945,adet,,"",0.0
Ultraslide Sürme Aksesuarları,Paralel Sürme Sistem Kolu 180mm- R-9005 Siyah Mat,PARALEL-SURME-SISTEM,adet,,"",0.0
Sineklik Malzemeler,Pencere Sineklik Çıtçıtı,13125,adet,,"",0.0
Sineklik Malzemeler,Pencere Sineklik Menteşe,13118,adet,,"",0.0
Pervaz ve Kapatma Profilleri,Pervaz 50x90 mm (934 Nimbus (Çift Yüz)),12065-934NIMBUS,mtul,934 Nimbus,"",0.0
Pervaz ve Kapatma Profilleri,Pervaz 50x90 mm (Antrasit Gri),12065-ANTRASIT,mtul,Antrasit Gri,"",0.0
Pervaz ve Kapatma Profilleri,Pervaz 50x90 mm (Beyaz),12065-BEYAZ,mtul,Beyaz,"",0.0
Pervaz ve Kapatma Profilleri,Pervaz Adaptörü 20 mm (934 Nimbus (Çift Yüz)),12062-934NIMBUS,mtul,934 Nimbus,"",0.0
Pervaz ve Kapatma Profilleri,Pervaz Adaptörü 20 mm (Antrasit Gri),12062-ANTRASIT,mtul,Antrasit Gri,"",0.0
Pervaz ve Kapatma Profilleri,Pervaz Adaptörü 20 mm (Beyaz),12062-BEYAZ,mtul,Beyaz,"",0.0
Enjeksiyon Malzemeler,Pervaz Gizli Köşe Birleştirme,19480,adet,,"",0.0
Destek Profilleri,PVC Dönüş Boru 2 Oda (934 Nimbus (Çift Yüz)),12368-934NIMBUS,mtul,934 Nimbus,"",0.0
Destek Profilleri,PVC Dönüş Boru 2 Oda (Antrasit Gri),12368-ANTRASIT,mtul,Antrasit Gri,"",0.0
Destek Profilleri,PVC Dönüş Boru 2 Oda (Beyaz),12368-BEYAZ,mtul,Beyaz,"",0.0
Panjur Orta Bölme Malzemeleri,PVC Orta Kapak 185 mm,13175,adet,,"",0.0
Panjur Orta Bölme Malzemeleri,PVC Orta Kapak 220 mm,13176,adet,,"",0.0
Pencere ve Kapı Kolları,Rapsodi Akustik Kol 15 cm,13698,adet,,"",0.0
Pencere ve Kapı Kolları,Rapsodi Akustik Pencere Kolu,13697,adet,,"",0.0
Pencere ve Kapı Kolları,Rapsodi Akustik Sürme Kolu,13699,adet,,"",0.0
Pencere ve Kapı Kolları,Rapsodi Çift Taraflı Kol 76-80,13684,adet,,"",0.0
Pencere ve Kapı Kolları,Rapsodi Yaylı Kapı Kolu,13546,adet,,"",0.0
Pencere ve Kapı Kolları,Rimini Barelsiz Kapı Kolu,12904,adet,,"",0.0
Pencere ve Kapı Kolları,Rimini Barelsiz Yaylı Kapı Kolu,12903,adet,,"",0.0
Pencere ve Kapı Kolları,Rimini Kapı Kolu (Legend 80),12195,adet,,"",0.0
Pencere ve Kapı Kolları,Rimini Kapı Kolu (Zendow-Legend Art),12807,adet,,"",0.0
Pencere ve Kapı Kolları,Rimini Pencere Kolu,12864,adet,,"",0.0
Pencere ve Kapı Kolları,Rimini Pencere Kolu 40 mm,12899,adet,,"",0.0
Pencere ve Kapı Kolları,Rimini Yaylı Kapı Kolu (Legend 80),12198,adet,,"",0.0
Pencere ve Kapı Kolları,Rimini Yaylı Kapı Kolu (Zendow-Legend Art),13545,adet,,"",0.0
Pencere ve Kapı Kolları,Rimini Yaylı WC Kapı Kolu,12901,adet,,"",0.0
Panjur Yan Kit Malzemeleri,Rulman 28x10,887,adet,,"",0.0
Diğer Profil Tedarikçileri,S KANAT PR İÇ ANTRASİT GRİ,S-KANAT-PR-IC-ANTRAS,adet,Antrasit Gri,"",0.0
Diğer Profil Tedarikçileri,S KASA PR İÇ ANTRASİT GRİ,S-KASA-PR-IC-ANTRASI,adet,Antrasit Gri,"",0.0
Alüminyum Profiller,Sabit Sürme Alm. Eşik,13042,adet,,"",0.0
Enjeksiyon Malzemeler,Sabit Sürme Kanat Sızdırmazlık Takozu,13163,adet,,"",0.0
Sürme Ana Profiller,Sabit Sürme Kasa (934 Nimbus (Çift Yüz)),12661-934NIMBUS,mtul,934 Nimbus,"",0.0
Sürme Ana Profiller,Sabit Sürme Kasa (Antrasit Gri),12661-ANTRASIT,mtul,Antrasit Gri,"",0.0
Sürme Ana Profiller,Sabit Sürme Kasa (Beyaz),12661-BEYAZ,mtul,Beyaz,"",0.0
Sürme Ana Profiller,Sabit Sürme Kasa 120 (934 Nimbus (Çift Yüz)),12638-934NIMBUS,mtul,934 Nimbus,"",0.0
Sürme Ana Profiller,Sabit Sürme Kasa 120 (Antrasit Gri),12638-ANTRASIT,mtul,Antrasit Gri,"",0.0
Sürme Ana Profiller,Sabit Sürme Kasa 120 (Beyaz),12638-BEYAZ,mtul,Beyaz,"",0.0
Sürme Aksesuarları,Sabit Sürme Kasa Ortakayıt Bağ Takozu,13187,adet,,"",0.0
Sürme Ana Profiller,Sabit Sürme Pervaz Kasa (934 Nimbus (Çift Yüz)),12663-934NIMBUS,mtul,934 Nimbus,"",0.0
Sürme Ana Profiller,Sabit Sürme Pervaz Kasa (Antrasit Gri),12663-ANTRASIT,mtul,Antrasit Gri,"",0.0
Sürme Ana Profiller,Sabit Sürme Pervaz Kasa (Beyaz),12663-BEYAZ,mtul,Beyaz,"",0.0
Sürme Ana Profiller,Sabit Sürme Pervaz Kasa 120 (934 Nimbus (Çift Yüz)),12639-934NIMBUS,mtul,934 Nimbus,"",0.0
Sürme Ana Profiller,Sabit Sürme Pervaz Kasa 120 (Antrasit Gri),12639-ANTRASIT,mtul,Antrasit Gri,"",0.0
Sürme Ana Profiller,Sabit Sürme Pervaz Kasa 120 (Beyaz),12639-BEYAZ,mtul,Beyaz,"",0.0
Pencere ve Kapı Kolları,Serenad Akustik Pencere Kolu,13696,adet,,"",0.0
Pencere ve Kapı Kolları,Serenad Yaylı Kapı Kolu,13547,adet,,"",0.0
Enjeksiyon Malzemeler,Sin. Sürme Kasa Kanat Sızdırmazlık Takozu,13159,adet,,"",0.0
Lambri ve Sineklik Profilleri,Sineklik Adaptörü (934 Nimbus (Çift Yüz)),12767-934NIMBUS,mtul,934 Nimbus,"",0.0
Lambri ve Sineklik Profilleri,Sineklik Adaptörü (Antrasit Gri),12767-ANTRASIT,mtul,Antrasit Gri,"",0.0
Lambri ve Sineklik Profilleri,Sineklik Adaptörü (Beyaz),12767-BEYAZ,mtul,Beyaz,"",0.0
Sineklik Malzemeler,Sineklik Çerçeve Montaj Pabucu,13121,adet,,"",0.0
Sineklik Malzemeler,Sineklik Çerçeve Profili,12968,adet,,"",0.0
Contalar,Sineklik Gergi Kordonu,12965,adet,,"",0.0
Sineklik Malzemeler,Sineklik Köşe Birleştirme Elemanı,13120,adet,,"",0.0
Lambri ve Sineklik Profilleri,Sineklik Pencere Kanat (934 Nimbus (Çift Yüz)),12764-934NIMBUS,mtul,934 Nimbus,"",0.0
Lambri ve Sineklik Profilleri,Sineklik Pencere Kanat (Antrasit Gri),12764-ANTRASIT,mtul,Antrasit Gri,"",0.0
Lambri ve Sineklik Profilleri,Sineklik Pencere Kanat (Beyaz),12764-BEYAZ,mtul,Beyaz,"",0.0
Sineklik Malzemeler,Sineklik Tutamak,13123,adet,,"",0.0
Sineklik Malzemeler,Sineklik Tutucu,13124,adet,,"",0.0
Alüminyum Profiller,Slim Alm. Alın Kapatma,13650,adet,,"",0.0
Alüminyum Profiller,Slim Alm. Alın Kapatma 42,13651,adet,,"",0.0
Contalar,Slim Kanat Eva Conta 12678,10584,adet,,"",0.0
Legend Sürme Plus Aksesuar,Soft Close 100 Kg,10377,adet,,"",0.0
Legend Sürme Plus Aksesuar,Soft Close 200 Kg,10378,adet,,"",0.0
Zendow Ana Profiller,Statik Kanat Adaptör 68 mm (Katlanır) (934 Nimbus (Çift Yüz)),18323-934NIMBUS,mtul,934 Nimbus,"",0.0
Zendow Ana Profiller,Statik Kanat Adaptör 68 mm (Katlanır) (Antrasit Gri),18323-ANTRASIT,mtul,Antrasit Gri,"",0.0
Zendow Ana Profiller,Statik Kanat Adaptör 68 mm (Katlanır) (Beyaz),18323-BEYAZ,mtul,Beyaz,"",0.0
Zendow Ana Profiller,Statik Ortakayıt 120/53 (934 Nimbus (Çift Yüz)),10126-934NIMBUS,mtul,934 Nimbus,"",0.0
Zendow Ana Profiller,Statik Ortakayıt 120/53 (Antrasit Gri),10126-ANTRASIT,mtul,Antrasit Gri,"",0.0
Zendow Ana Profiller,Statik Ortakayıt 120/53 (Beyaz),10126-BEYAZ,mtul,Beyaz,"",0.0
Legend Ana Profiller,Statik Ortakayıt 90/67 (934 Nimbus (Çift Yüz)),12125-934NIMBUS,mtul,934 Nimbus,"",0.0
Legend Ana Profiller,Statik Ortakayıt 90/67 (Antrasit Gri),12125-ANTRASIT,mtul,Antrasit Gri,"",0.0
Legend Ana Profiller,Statik Ortakayıt 90/67 (Beyaz),12125-BEYAZ,mtul,Beyaz,"",0.0
Legend Ana Profiller,Statik Ortakayıt 90/67 4. Conta (934 Nimbus (Çift Yüz)),12125-4C-934NIMBUS,mtul,934 Nimbus,"",0.0
Legend Ana Profiller,Statik Ortakayıt 90/67 4. Conta (Antrasit Gri),12125-4C-ANTRASIT,mtul,Antrasit Gri,"",0.0
Legend Ana Profiller,Statik Ortakayıt 90/67 4. Conta (Beyaz),12125-4C-BEYAZ,mtul,Beyaz,"",0.0
Panjur Genel Malzemeleri,Stoplama Parçası,901,adet,,"",0.0
Panjur Genel Malzemeleri,Strafor 165 mm,13149,adet,,"",0.0
Panjur Genel Malzemeleri,Strafor 200 mm,13148,adet,,"",0.0
Enjeksiyon Malzemeler,Su Tahliye Kapak (Genel),13113,adet,,"",0.0
Sürme Ana Profiller,Sürme 3 Ray Kasa (934 Nimbus (Çift Yüz)),12664-934NIMBUS,mtul,934 Nimbus,"",0.0
Sürme Ana Profiller,Sürme 3 Ray Kasa (Antrasit Gri),12664-ANTRASIT,mtul,Antrasit Gri,"",0.0
Sürme Ana Profiller,Sürme 3 Ray Kasa (Beyaz),12664-BEYAZ,mtul,Beyaz,"",0.0
Sürme Ana Profiller,Sürme Alın Birleştirme (934 Nimbus (Çift Yüz)),12669-934NIMBUS,mtul,934 Nimbus,"",0.0
Sürme Ana Profiller,Sürme Alın Birleştirme (Antrasit Gri),12669-ANTRASIT,mtul,Antrasit Gri,"",0.0
Sürme Ana Profiller,Sürme Alın Birleştirme (Beyaz),12669-BEYAZ,mtul,Beyaz,"",0.0
Enjeksiyon Malzemeler,Sürme Alın Birleştirme Kapak,13164,adet,,"",0.0
Enjeksiyon Malzemeler,Sürme Alın Kapak,13161,adet,,"",0.0
Sürme Ana Profiller,Sürme Alın Kapatma II (934 Nimbus (Çift Yüz)),12659-934NIMBUS,mtul,934 Nimbus,"",0.0
Sürme Ana Profiller,Sürme Alın Kapatma II (Antrasit Gri),12659-ANTRASIT,mtul,Antrasit Gri,"",0.0
Sürme Ana Profiller,Sürme Alın Kapatma II (Beyaz),12659-BEYAZ,mtul,Beyaz,"",0.0
Contalar,Sürme Alın Kapatma TPE Conta,12958,adet,,"",0.0
Alüminyum Profiller,Sürme Alm. Alın Birleştirme,13041,adet,,"",0.0
Alüminyum Profiller,Sürme Alm. Alın Kapatma,13040,adet,,"",0.0
Alüminyum Profiller,Sürme Alm. Alt Kasa,13030,adet,,"",0.0
Fırçalar,Sürme Alm. Alt Kasa Fırça,10571,adet,,"",0.0
Contalar,Sürme Alm. Alt Kasa İzolasyon Conta,10572,adet,,"",0.0
Alüminyum Profiller,Sürme Alm. H Alın Birleştirme,19608,adet,,"",0.0
Sürme Aksesuarları,Sürme Alm. Havuz Kol,13689,adet,,"",0.0
Alüminyum Profiller,"Sürme Alm. Ray 14,5 mm (Lamine)",3452,adet,,"",0.0
Alüminyum Profiller,"Sürme Alm. Ray 14x4,3 mm",13670,adet,,"",0.0
Alüminyum Profiller,Sürme Alm. Takviye,13043,adet,,"",0.0
Enjeksiyon Malzemeler,Sürme Ana Cam Takoz,13165,adet,,"",0.0
Alüminyum Profiller,Sürme Çelik Ray,13671,adet,,"",0.0
Sürme Ana Profiller,Sürme Damlalık (934 Nimbus (Çift Yüz)),12367-934NIMBUS,mtul,934 Nimbus,"",0.0
Sürme Ana Profiller,Sürme Damlalık (Antrasit Gri),12367-ANTRASIT,mtul,Antrasit Gri,"",0.0
Sürme Ana Profiller,Sürme Damlalık (Beyaz),12367-BEYAZ,mtul,Beyaz,"",0.0
Enjeksiyon Malzemeler,Sürme Damlalık Yan Kapak,13116,adet,,"",0.0
Sürme Ana Profiller,Sürme Dikey Ortakayıt (934 Nimbus (Çift Yüz)),12673-934NIMBUS,mtul,934 Nimbus,"",0.0
Sürme Ana Profiller,Sürme Dikey Ortakayıt (Antrasit Gri),12673-ANTRASIT,mtul,Antrasit Gri,"",0.0
Sürme Ana Profiller,Sürme Dikey Ortakayıt (Beyaz),12673-BEYAZ,mtul,Beyaz,"",0.0
Sürme Aksesuarları,Sürme Dikey Ortakayıt Bağ Takozu,13186,adet,,"",0.0
Sürme Aksesuarları,Sürme Gömme Kol,13190,adet,,"",0.0
Sürme Aksesuarları,Sürme Gömme Kol 5 mm,13630,adet,,"",0.0
Enjeksiyon Malzemeler,Sürme H Alın Birleştirme Kapak,13169,adet,,"",0.0
Sürme Ana Profiller,Sürme Kanat (934 Nimbus (Çift Yüz)),12671-934NIMBUS,mtul,934 Nimbus,"",0.0
Sürme Ana Profiller,Sürme Kanat (Antrasit Gri),12671-ANTRASIT,mtul,Antrasit Gri,"",0.0
Sürme Ana Profiller,Sürme Kanat (Beyaz),12671-BEYAZ,mtul,Beyaz,"",0.0
Enjeksiyon Malzemeler,Sürme Kanat Stoplama,13166,adet,,"",0.0
Enjeksiyon Malzemeler,Sürme Kanat Stoplama Genel,19437,adet,,"",0.0
Sürme Ana Profiller,Sürme Kapatma (934 Nimbus (Çift Yüz)),12679-934NIMBUS,mtul,934 Nimbus,"",0.0
Sürme Ana Profiller,Sürme Kapatma (Antrasit Gri),12679-ANTRASIT,mtul,Antrasit Gri,"",0.0
Sürme Ana Profiller,Sürme Kapatma (Beyaz),12679-BEYAZ,mtul,Beyaz,"",0.0
Sürme Aksesuarları,Sürme Karşılık Emniyetli,13367,adet,,"",0.0
Sürme Ana Profiller,Sürme Kasa (934 Nimbus (Çift Yüz)),12660-934NIMBUS,mtul,934 Nimbus,"",0.0
Sürme Ana Profiller,Sürme Kasa (Antrasit Gri),12660-ANTRASIT,mtul,Antrasit Gri,"",0.0
Sürme Ana Profiller,Sürme Kasa (Beyaz),12660-BEYAZ,mtul,Beyaz,"",0.0
Sürme Ana Profiller,Sürme Kasa 129 (934 Nimbus (Çift Yüz)),12636-934NIMBUS,mtul,934 Nimbus,"",0.0
Sürme Ana Profiller,Sürme Kasa 129 (Antrasit Gri),12636-ANTRASIT,mtul,Antrasit Gri,"",0.0
Sürme Ana Profiller,Sürme Kasa 129 (Beyaz),12636-BEYAZ,mtul,Beyaz,"",0.0
Alüminyum Profiller,Sürme Kasa Alm. Destek,13044,adet,,"",0.0
Sürme Ana Profiller,Sürme Kasa Fiks Adaptör (934 Nimbus (Çift Yüz)),12666-934NIMBUS,mtul,934 Nimbus,"",0.0
Sürme Ana Profiller,Sürme Kasa Fiks Adaptör (Antrasit Gri),12666-ANTRASIT,mtul,Antrasit Gri,"",0.0
Sürme Ana Profiller,Sürme Kasa Fiks Adaptör (Beyaz),12666-BEYAZ,mtul,Beyaz,"",0.0
Enjeksiyon Malzemeler,Sürme Kasa Kanat Sızdırmazlık Takozu,13162,adet,,"",0.0
Sürme Aksesuarları,Sürme Kasa Ortakayıt Bağ Takozu,13188,adet,,"",0.0
Sürme Ana Profiller,Sürme Kasa Sineklikli (934 Nimbus (Çift Yüz)),12665-934NIMBUS,mtul,934 Nimbus,"",0.0
Sürme Ana Profiller,Sürme Kasa Sineklikli (Antrasit Gri),12665-ANTRASIT,mtul,Antrasit Gri,"",0.0
Sürme Ana Profiller,Sürme Kasa Sineklikli (Beyaz),12665-BEYAZ,mtul,Beyaz,"",0.0
İspanyoletler,Sürme Kilitli İspanyolet 160 cm,13349,adet,,"",0.0
İspanyoletler,Sürme Kilitli İspanyolet 180 cm,12857,adet,,"",0.0
Sürme Aksesuarları,Sürme Makara Çift Rulmanlı,13135,adet,,"",0.0
Sürme Ana Profiller,Sürme Ortakayıt (934 Nimbus (Çift Yüz)),12672-934NIMBUS,mtul,934 Nimbus,"",0.0
Sürme Ana Profiller,Sürme Ortakayıt (Antrasit Gri),12672-ANTRASIT,mtul,Antrasit Gri,"",0.0
Sürme Ana Profiller,Sürme Ortakayıt (Beyaz),12672-BEYAZ,mtul,Beyaz,"",0.0
Sürme Aksesuarları,Sürme Ortakayıt Bağ Takozu,13185,adet,,"",0.0
Sürme Ana Profiller,Sürme Pervaz Kasa (934 Nimbus (Çift Yüz)),12662-934NIMBUS,mtul,934 Nimbus,"",0.0
Sürme Ana Profiller,Sürme Pervaz Kasa (Antrasit Gri),12662-ANTRASIT,mtul,Antrasit Gri,"",0.0
Sürme Ana Profiller,Sürme Pervaz Kasa (Beyaz),12662-BEYAZ,mtul,Beyaz,"",0.0
Sürme Ana Profiller,Sürme Pervaz Kasa 129 (934 Nimbus (Çift Yüz)),12637-934NIMBUS,mtul,934 Nimbus,"",0.0
Sürme Ana Profiller,Sürme Pervaz Kasa 129 (Antrasit Gri),12637-ANTRASIT,mtul,Antrasit Gri,"",0.0
Sürme Ana Profiller,Sürme Pervaz Kasa 129 (Beyaz),12637-BEYAZ,mtul,Beyaz,"",0.0
Alüminyum Profiller,Sürme Sineklik Alüminyum Fırça Adaptörü,11529,adet,,"",0.0
Lambri ve Sineklik Profilleri,Sürme Sineklik Kanat (934 Nimbus (Çift Yüz)),12760-934NIMBUS,mtul,934 Nimbus,"",0.0
Lambri ve Sineklik Profilleri,Sürme Sineklik Kanat (Antrasit Gri),12760-ANTRASIT,mtul,Antrasit Gri,"",0.0
Lambri ve Sineklik Profilleri,Sürme Sineklik Kanat (Beyaz),12760-BEYAZ,mtul,Beyaz,"",0.0
Sürme Aksesuarları,Sürme Sineklik Makara,13132,adet,,"",0.0
Lambri ve Sineklik Profilleri,Sürme Sineklik Ortakayıt (934 Nimbus (Çift Yüz)),12761-934NIMBUS,mtul,934 Nimbus,"",0.0
Lambri ve Sineklik Profilleri,Sürme Sineklik Ortakayıt (Antrasit Gri),12761-ANTRASIT,mtul,Antrasit Gri,"",0.0
Lambri ve Sineklik Profilleri,Sürme Sineklik Ortakayıt (Beyaz),12761-BEYAZ,mtul,Beyaz,"",0.0
Ortakayıt Takozları,Sürme Sineklik Ortakayıt Takoz,12973,adet,,"",0.0
Lambri ve Sineklik Profilleri,Sürme Sineklik Ray 22 mm (934 Nimbus (Çift Yüz)),12762-934NIMBUS,mtul,934 Nimbus,"",0.0
Lambri ve Sineklik Profilleri,Sürme Sineklik Ray 22 mm (Antrasit Gri),12762-ANTRASIT,mtul,Antrasit Gri,"",0.0
Lambri ve Sineklik Profilleri,Sürme Sineklik Ray 22 mm (Beyaz),12762-BEYAZ,mtul,Beyaz,"",0.0
Lambri ve Sineklik Profilleri,Sürme Sineklik Ray 38 mm (934 Nimbus (Çift Yüz)),12763-934NIMBUS,mtul,934 Nimbus,"",0.0
Lambri ve Sineklik Profilleri,Sürme Sineklik Ray 38 mm (Antrasit Gri),12763-ANTRASIT,mtul,Antrasit Gri,"",0.0
Lambri ve Sineklik Profilleri,Sürme Sineklik Ray 38 mm (Beyaz),12763-BEYAZ,mtul,Beyaz,"",0.0
Enjeksiyon Malzemeler,Sürme Sineklik Takozu,13131,adet,,"",0.0
Sürme Ana Profiller,Sürme Sineklikli Pervaz Kasa (934 Nimbus (Çift Yüz)),12684-934NIMBUS,mtul,934 Nimbus,"",0.0
Sürme Ana Profiller,Sürme Sineklikli Pervaz Kasa (Antrasit Gri),12684-ANTRASIT,mtul,Antrasit Gri,"",0.0
Sürme Ana Profiller,Sürme Sineklikli Pervaz Kasa (Beyaz),12684-BEYAZ,mtul,Beyaz,"",0.0
Sürme Ana Profiller,Sürme Slim Kanat (934 Nimbus (Çift Yüz)),12678-934NIMBUS,mtul,934 Nimbus,"",0.0
Sürme Ana Profiller,Sürme Slim Kanat (Antrasit Gri),12678-ANTRASIT,mtul,Antrasit Gri,"",0.0
Sürme Ana Profiller,Sürme Slim Kanat (Beyaz),12678-BEYAZ,mtul,Beyaz,"",0.0
Enjeksiyon Malzemeler,Sürme Slim Yan Kapak,13128,adet,,"",0.0
Sürme Ana Profiller,Sürme Statik Kanat (934 Nimbus (Çift Yüz)),12688-934NIMBUS,mtul,934 Nimbus,"",0.0
Sürme Ana Profiller,Sürme Statik Kanat (Antrasit Gri),12688-ANTRASIT,mtul,Antrasit Gri,"",0.0
Sürme Ana Profiller,Sürme Statik Kanat (Beyaz),12688-BEYAZ,mtul,Beyaz,"",0.0
Enjeksiyon Malzemeler,Sürme Su Tahliye Kapak,13514,adet,,"",0.0
Enjeksiyon Malzemeler,Sürme Su Tahliye Kapak Yeni,12084,adet,,"",0.0
Panjur Genel Malzemeleri,Tambur Makarası 40 mm,941,adet,,"",0.0
Panjur Genel Malzemeleri,Tambur Makarası 60 mm,13178,adet,,"",0.0
Sınıflandırılmamış,Tek Açılım Aksesuar 1000><1600,TEK-ACILIM-AKSESUAR,adet,,"",0.0
Sınıflandırılmamış,Tek Açılım Aksesuar 1600><2000,TEK-ACILIM-AKSESUAR-2,adet,,"",0.0
Legend Sürme Plus Aksesuar,TPE Conta DEV1,16990,adet,,"",0.0
Contalar,TPE Genel Conta,3299,adet,,"",0.0
Bareller,Tutamaklı Barel 83 mm,10817,adet,,"",0.0
Bareller,Tutamaklı Barel 90 mm,10818,adet,,"",0.0
Destek Profilleri,Universal Bağ 40 (934 Nimbus (Çift Yüz)),12373-934NIMBUS,mtul,934 Nimbus,"",0.0
Destek Profilleri,Universal Bağ 40 (Antrasit Gri),12373-ANTRASIT,mtul,Antrasit Gri,"",0.0
Destek Profilleri,Universal Bağ 40 (Beyaz),12373-BEYAZ,mtul,Beyaz,"",0.0
Ultraslide Sürme Aksesuarları,USL Uzun Köşe Hareket İletim 1EP+,USL-UZUN-KOSE-HAREKE-2,adet,,"",0.0
Ultraslide Sürme Aksesuarları,USL Uzun Köşe Hareket İletim 2EP+,USL-UZUN-KOSE-HAREKE,adet,,"",0.0
Ultraslide Sürme Aksesuarları,USL-ALT ARABA SAĞ/R,USL-ALT-ARABA-SAG-R,adet,,"",0.0
Ultraslide Sürme Aksesuarları,USL-ALT ARABA SOL/L,USL-ALT-ARABA-SOL-L,adet,,"",0.0
Ultraslide Sürme Aksesuarları,USL-ARKA ÇEKTİRME KARŞILIK,USL-ARKA-CEKTIRME-KA,adet,,"",0.0
Ultraslide Sürme Aksesuarları,USL-ARKA ÇEKTİRME SAĞ/R,USL-ARKA-CEKTIRME-SA,adet,,"",0.0
Ultraslide Sürme Aksesuarları,USL-ARKA ÇEKTİRME SOL-L,USL-ARKA-CEKTIRME-SO,adet,,"",0.0
Ultraslide Sürme Aksesuarları,USL-ARKA ÇEKTİRME VİDA 35 mm,USL-ARKA-CEKTIRME-VI,adet,,"",0.0
Ultraslide Sürme Aksesuarları,USL-İSPANYOLET KARŞILIK SAĞ/R UNİVERSAL,USL-ISPANYOLET-KARSI-2,adet,,"",0.0
Ultraslide Sürme Aksesuarları,USL-İSPANYOLET KARŞILIK SOL/L UNİVERSAL,USL-ISPANYOLET-KARSI,adet,,"",0.0
Ultraslide Sürme Aksesuarları,USL-ÜST MERKEZLEME SAĞ/R,USL-UST-MERKEZLEME-S-2,adet,,"",0.0
Ultraslide Sürme Aksesuarları,USL-ÜST MERKEZLEME SOL/L,USL-UST-MERKEZLEME-S,adet,,"",0.0
Kilit Karşılıkları,Üst Kilit Aynası,12875,adet,,"",0.0
Panjur Genel Malzemeleri,Uzatmalı Kutu Bitiş Alüminyum,13052,adet,,"",0.0
Çift Açılım Aksesuarları,V-Art Çift Açılım Kanat Alt Menteşe (Legend Art),11842,adet,,"",0.0
Çift Açılım Aksesuarları,V-Art Çift Açılım Kanat Alt Menteşe Kapak (Legend Art),11843,adet,,"",0.0
Çift Açılım Aksesuarları,V-ÇA Emniyetli Kilit Karşılık,11783,adet,,"",0.0
Çift Açılım Aksesuarları,V-ÇA İSP 1200-1700,11763,adet,,"",0.0
Çift Açılım Aksesuarları,V-ÇA İSP 1700-2200,11764,adet,,"",0.0
Çift Açılım Aksesuarları,V-ÇA İSP 1900-2400,11857,adet,,"",0.0
Çift Açılım Aksesuarları,V-ÇA İSP 450-700,11760,adet,,"",0.0
Çift Açılım Aksesuarları,V-ÇA İSP 700-1200,11761,adet,,"",0.0
Çift Açılım Aksesuarları,V-ÇA İSP 900-1400,11762,adet,,"",0.0
Çift Açılım Aksesuarları,V-ÇA Kilit Karşılık 13,11779,adet,,"",0.0
Çift Açılım Aksesuarları,V-ÇA Makas 1100-1350,11768,adet,,"",0.0
Çift Açılım Aksesuarları,V-ÇA Makas 1350-1600,11769,adet,,"",0.0
Çift Açılım Aksesuarları,V-ÇA Makas 400-650,11765,adet,,"",0.0
Çift Açılım Aksesuarları,V-ÇA Makas 600-850,11766,adet,,"",0.0
Çift Açılım Aksesuarları,V-ÇA Makas 850-1100,11767,adet,,"",0.0
Çift Açılım Aksesuarları,V-ÇA Vasistas Kilidi,11778,adet,,"",0.0
Çift Açılım Aksesuarları,V-Çift Kanat Alt Sürgü,11795,adet,,"",0.0
Çift Açılım Aksesuarları,V-Çift Kanat Gizli Baskı Menteşe (Kanat),11794,adet,,"",0.0
Çift Açılım Aksesuarları,V-Çift Kanat Gizli Baskı Menteşe (Kasa),11793,adet,,"",0.0
Çift Açılım Aksesuarları,V-Çift Kanat İSP 1200-1700,11788,adet,,"",0.0
Çift Açılım Aksesuarları,V-Çift Kanat İSP 1700-2200,11789,adet,,"",0.0
Çift Açılım Aksesuarları,V-Çift Kanat İSP 1900-2400,11858,adet,,"",0.0
Çift Açılım Aksesuarları,V-Çift Kanat İSP 540-700,11785,adet,,"",0.0
Çift Açılım Aksesuarları,V-Çift Kanat İSP 700-1200,11786,adet,,"",0.0
Çift Açılım Aksesuarları,V-Çift Kanat İSP 900-1400,11787,adet,,"",0.0
Çift Açılım Aksesuarları,V-Çift Kanat İSP Alt Sürgü,11807,adet,,"",0.0
Çift Açılım Aksesuarları,V-Çift Kanat İSP Karşılık,11790,adet,,"",0.0
Çift Açılım Aksesuarları,V-Çift Kanat İSP Üst Sürgü,11808,adet,,"",0.0
Çift Açılım Aksesuarları,V-Çift Kanat Sürgü Karşılık,11797,adet,,"",0.0
Çift Açılım Aksesuarları,V-Çift Kanat Üst Menteşe,11791,adet,,"",0.0
Çift Açılım Aksesuarları,V-Çift Kanat Üst Sürgü,11796,adet,,"",0.0
Çift Açılım Aksesuarları,V-Emniyetli Köşe Hareket İletim,11782,adet,,"",0.0
Çift Açılım Aksesuarları,V-Hatalı Kullanım Emniyeti Karşılık,11804,adet,,"",0.0
Çift Açılım Aksesuarları,V-Hatalı Kullanım Emniyeti ve Kanat Kaldırma,11803,adet,,"",0.0
Çift Açılım Aksesuarları,V-İlave Kilitleme 1200-1700,11806,adet,,"",0.0
Çift Açılım Aksesuarları,V-İlave Kilitleme 800-1200,11805,adet,,"",0.0
Çift Açılım Aksesuarları,V-Kasa Alt Menteşe,11801,adet,,"",0.0
Çift Açılım Aksesuarları,V-Kasa Üst Menteşe,11799,adet,,"",0.0
Çift Açılım Aksesuarları,V-Kısa Köşe Hareket İletim,11781,adet,,"",0.0
Çift Açılım Aksesuarları,V-Köşe Hareket İletim,11780,adet,,"",0.0
Çift Açılım Aksesuarları,V-Makas Menteşe 13-20,11798,adet,,"",0.0
Çift Açılım Aksesuarları,V-Menteşe Kapak Takımı,11802,adet,,"",0.0
Çift Açılım Aksesuarları,V-Orta Band Menteşe,11792,adet,,"",0.0
Çift Açılım Aksesuarları,V-Orta Kilitleme 1200-1700,11772,adet,,"",0.0
Çift Açılım Aksesuarları,V-Orta Kilitleme 1700-2200,11773,adet,,"",0.0
Çift Açılım Aksesuarları,V-Orta Kilitleme 1900-2400,11859,adet,,"",0.0
Çift Açılım Aksesuarları,V-Orta Kilitleme 800,11770,adet,,"",0.0
Çift Açılım Aksesuarları,V-Orta Kilitleme 800-1200,11771,adet,,"",0.0
Çift Açılım Aksesuarları,V-Pimli Kanat Menteşe,11800,adet,,"",0.0
Çift Açılım Aksesuarları,V-Uzatma 150-400,11809,adet,,"",0.0
Kilitler,Vasistas Makası,12828,adet,,"",0.0
Kilitler,Vasistas Mandalı,10823,adet,,"",0.0
Sınıflandırılmamış,Vorne Ç.A. Alttan Klt. 0-1640 Renkli,VORNE-C-A-ALTTAN-KLT,adet,,"",0.0
Sınıflandırılmamış,Vorne Ç.A. Kapı Alttan Klt. 1641-9999 Renkli,VORNE-C-A-KAPI-ALTTA,adet,,"",0.0
Sınıflandırılmamış,Vorne Çift Açılım Alttan Klt. 0-1640,VORNE-CIFT-ACILIM-AL,adet,,"",0.0
Kilitler,WC Kapı Kilit 28 Eksen 28/90,13536,adet,,"",0.0
Kilitler,WC Kapı Kilit 35/90,12885,adet,,"",0.0
Sınıflandırılmamış,Wc Kilit Kapı Aksesuarı 30x90 Renkli,WC-KILIT-KAPI-AKSESU,adet,,"",0.0
Panjur Profilleri,Yan Dikme 12 Klipsli (Fırçalı) (934 Nimbus (Çift Yüz)),12450-934NIMBUS,mtul,934 Nimbus,"",0.0
Panjur Profilleri,Yan Dikme 12 Klipsli (Fırçalı) (Antrasit Gri),12450-ANTRASIT,mtul,Antrasit Gri,"",0.0
Panjur Profilleri,Yan Dikme 12 Klipsli (Fırçalı) (Beyaz),12450-BEYAZ,mtul,Beyaz,"",0.0
Panjur Profilleri,Yan Dikme 18 Klipsli (Fırçalı) (934 Nimbus (Çift Yüz)),12451-934NIMBUS,mtul,934 Nimbus,"",0.0
Panjur Profilleri,Yan Dikme 18 Klipsli (Fırçalı) (Antrasit Gri),12451-ANTRASIT,mtul,Antrasit Gri,"",0.0
Panjur Profilleri,Yan Dikme 18 Klipsli (Fırçalı) (Beyaz),12451-BEYAZ,mtul,Beyaz,"",0.0
Panjur Yan Kit Malzemeleri,Yan Kapak 185 mm,2375,adet,,"",0.0
Panjur Yan Kit Malzemeleri,Yan Kapak 185x220 mm,13485,adet,,"",0.0
Panjur Yan Kit Malzemeleri,Yan Kapak 220 mm,13170,adet,,"",0.0
Panjur Yan Kit Malzemeleri,Yan Kapak 220x255 mm,13486,adet,,"",0.0
Panjur Yan Kit Malzemeleri,Yan Kapak Sürgü 185 mm,2376,adet,,"",0.0
Panjur Yan Kit Malzemeleri,Yan Kapak Sürgü 220 mm,13171,adet,,"",0.0
Contalar,Yeni Sürme TPE Conta,10585,adet,,"",0.0
Legend Sürme Plus Aksesuar,YNS 200 Kg Araba Takım Kit,10380,adet,,"",0.0
Legend Sürme Plus Aksesuar,YNS 40 Eks Barel Göbek,10385,adet,,"",0.0
Legend Sürme Plus Aksesuar,YNS 40 Eks İsp 1180-1630,10382,adet,,"",0.0
Legend Sürme Plus Aksesuar,YNS 40 Eks İsp 1310-1860,10383,adet,,"",0.0
Legend Sürme Plus Aksesuar,YNS 40 Eks İsp 1790-2340,10384,adet,,"",0.0
Legend Sürme Plus Aksesuar,YNS 40 Eks İsp 730-1180,10381,adet,,"",0.0
Legend Sürme Plus Aksesuar,YNS 9P Uzun Köşe Hareket İletim,10393,adet,,"",0.0
Legend Sürme Plus Aksesuar,YNS Alm Alt Ray,10443,adet,,"",0.0
Legend Sürme Plus Aksesuar,YNS Alm Conta İlave,10447,adet,,"",0.0
Legend Sürme Plus Aksesuar,YNS Alm Eşik Yan Kapak Takımı,11625,adet,,"",0.0
Legend Sürme Plus Aksesuar,YNS Alm Fiks Alt Kapama,10448,adet,,"",0.0
Legend Sürme Plus Aksesuar,YNS Alm İspanyolet Besleme,10440,adet,,"",0.0
Legend Sürme Plus Aksesuar,YNS Alm Kanat Adaptör,10445,adet,,"",0.0
Legend Sürme Plus Aksesuar,YNS Alm Kanat Adaptör Kapak Takımı,11623,adet,,"",0.0
Legend Sürme Plus Aksesuar,YNS Alm Kilit Karşılık Besleme,10441,adet,,"",0.0
Legend Sürme Plus Aksesuar,YNS Alm Ray Ek Kapama,10446,adet,,"",0.0
Legend Sürme Plus Aksesuar,YNS Alm Sürme Eşik,10444,adet,,"",0.0
Legend Sürme Plus Aksesuar,YNS Alm Üst Ray,10442,adet,,"",0.0
Legend Sürme Plus Aksesuar,YNS Alt Ray Araba,10395,adet,,"",0.0
Legend Sürme Plus Aksesuar,YNS Bağ İsp 1180-1630,10388,adet,,"",0.0
Legend Sürme Plus Aksesuar,YNS Bağ İsp 1310-1860,10389,adet,,"",0.0
Legend Sürme Plus Aksesuar,YNS Bağ İsp 480-730,10386,adet,,"",0.0
Legend Sürme Plus Aksesuar,YNS Bağ İsp 730-1180,10387,adet,,"",0.0
Legend Sürme Plus Aksesuar,YNS H Kanat Destek Sac 2 mm,11465,adet,,"",0.0
Legend Sürme Plus Aksesuar,YNS H Kanat İzolasyon 12480,11624,adet,,"",0.0
Legend Sürme Plus Aksesuar,YNS İlave İsp 160 mm Pimsiz,10391,adet,,"",0.0
Legend Sürme Plus Aksesuar,YNS Kanat Stoplama,10399,adet,,"",0.0
Legend Sürme Plus Aksesuar,YNS Kilit Karşılık Tamponlu,10398,adet,,"",0.0
Legend Sürme Plus Aksesuar,YNS Kilitleme Kapak,10397,adet,,"",0.0
Legend Sürme Plus Aksesuar,YNS Kilitleme Takım,10396,adet,,"",0.0
Legend Sürme Plus Aksesuar,YNS MB İlave İsp 160 mm,10390,adet,,"",0.0
Legend Sürme Plus Aksesuar,YNS MB Uzun Köşe Hareket İletim,10392,adet,,"",0.0
Legend Sürme Plus Aksesuar,YNS Ortakayıt Destek Sacı,19537,adet,,"",0.0
Legend Sürme Plus Aksesuar,YNS Üst Ray Klavuz,10394,adet,,"",0.0
Zendow Ana Profiller,Yükseltme 70x25 mm (934 Nimbus (Çift Yüz)),12155-934NIMBUS,mtul,934 Nimbus,"",0.0
Zendow Ana Profiller,Yükseltme 70x25 mm (Antrasit Gri),12155-ANTRASIT,mtul,Antrasit Gri,"",0.0
Zendow Ana Profiller,Yükseltme 70x25 mm (Beyaz),12155-BEYAZ,mtul,Beyaz,"",0.0
Zendow Ana Profiller,Yükseltme 70x40 mm (934 Nimbus (Çift Yüz)),12156-934NIMBUS,mtul,934 Nimbus,"",0.0
Zendow Ana Profiller,Yükseltme 70x40 mm (Antrasit Gri),12156-ANTRASIT,mtul,Antrasit Gri,"",0.0
Zendow Ana Profiller,Yükseltme 70x40 mm (Beyaz),12156-BEYAZ,mtul,Beyaz,"",0.0
Legend Crown 76 Profilleri,Yükseltme 76x25 mm (934 Nimbus (Çift Yüz)),12157-934NIMBUS,mtul,934 Nimbus,"",0.0
Legend Crown 76 Profilleri,Yükseltme 76x25 mm (Antrasit Gri),12157-ANTRASIT,mtul,Antrasit Gri,"",0.0
Legend Crown 76 Profilleri,Yükseltme 76x25 mm (Beyaz),12157-BEYAZ,mtul,Beyaz,"",0.0
Kilitler,Zamak Sürgü,12091,adet,,"",0.0
Enjeksiyon Malzemeler,Zendow 120 Statik Ortakayıt Kapak,11616,adet,,"",0.0
Ortakayıt Takozları,Zendow 120 Statik Ortakayıt Takozu,10535,adet,,"",0.0
Enjeksiyon Malzemeler,Zendow Ana Cam Takoz,13106,adet,,"",0.0
Zendow Ana Profiller,Zendow Damlalıklı Kanat (934 Nimbus (Çift Yüz)),12614-934NIMBUS,mtul,934 Nimbus,"",0.0
Zendow Ana Profiller,Zendow Damlalıklı Kanat (Antrasit Gri),12614-ANTRASIT,mtul,Antrasit Gri,"",0.0
Zendow Ana Profiller,Zendow Damlalıklı Kanat (Beyaz),12614-BEYAZ,mtul,Beyaz,"",0.0
Zendow Ana Profiller,"Zendow Dış Aç. Kanat (20,5 Aks) (934 Nimbus (Çift Yüz))",12617-934NIMBUS,mtul,934 Nimbus,"",0.0
Zendow Ana Profiller,"Zendow Dış Aç. Kanat (20,5 Aks) (Antrasit Gri)",12617-ANTRASIT,mtul,Antrasit Gri,"",0.0
Zendow Ana Profiller,"Zendow Dış Aç. Kanat (20,5 Aks) (Beyaz)",12617-BEYAZ,mtul,Beyaz,"",0.0
Zendow Ana Profiller,Zendow Dış Aç. Kapı Kanat (934 Nimbus (Çift Yüz)),12618-934NIMBUS,mtul,934 Nimbus,"",0.0
Zendow Ana Profiller,Zendow Dış Aç. Kapı Kanat (Antrasit Gri),12618-ANTRASIT,mtul,Antrasit Gri,"",0.0
Zendow Ana Profiller,Zendow Dış Aç. Kapı Kanat (Beyaz),12618-BEYAZ,mtul,Beyaz,"",0.0
Zendow Ana Profiller,Zendow Dış Aç. Kapı Kanat (Deluxe) (934 Nimbus (Çift Yüz)),12613-934NIMBUS,mtul,934 Nimbus,"",0.0
Zendow Ana Profiller,Zendow Dış Aç. Kapı Kanat (Deluxe) (Antrasit Gri),12613-ANTRASIT,mtul,Antrasit Gri,"",0.0
Zendow Ana Profiller,Zendow Dış Aç. Kapı Kanat (Deluxe) (Beyaz),12613-BEYAZ,mtul,Beyaz,"",0.0
Menteşeler,Zendow Dış Açılan Menteşe,12923,adet,,"",0.0
Zendow Ana Profiller,Zendow Image Kasa (934 Nimbus (Çift Yüz)),10107-934NIMBUS,mtul,934 Nimbus,"",0.0
Zendow Ana Profiller,Zendow Image Kasa (Antrasit Gri),10107-ANTRASIT,mtul,Antrasit Gri,"",0.0
Zendow Ana Profiller,Zendow Image Kasa (Beyaz),10107-BEYAZ,mtul,Beyaz,"",0.0
Enjeksiyon Malzemeler,Zendow Kanat Adaptör Kapak Takımı,13103,adet,,"",0.0
Sınıflandırılmamış,Zendow Kanat Z-58,ZENDOW-KANAT-Z-58,mtul,,"",0.0
Zendow Ana Profiller,Zendow Kanat Z-58 (934 Nimbus (Çift Yüz)),12615-934NIMBUS,mtul,934 Nimbus,"",0.0
Zendow Ana Profiller,Zendow Kanat Z-58 (Antrasit Gri),12615-ANTRASIT,mtul,Antrasit Gri,"",0.0
Zendow Ana Profiller,Zendow Kanat Z-58 (Beyaz),12615-BEYAZ,mtul,Beyaz,"",0.0
Sınıflandırılmamış,Zendow Kanat Z-58 Ant.Gri Çift Lm.,ZENDOW-KANAT-Z-58-AN,mtul,,"",0.0
Zendow Ana Profiller,Zendow Kanat Z-60 (934 Nimbus (Çift Yüz)),12611-934NIMBUS,mtul,934 Nimbus,"",0.0
Zendow Ana Profiller,Zendow Kanat Z-60 (Antrasit Gri),12611-ANTRASIT,mtul,Antrasit Gri,"",0.0
Zendow Ana Profiller,Zendow Kanat Z-60 (Beyaz),12611-BEYAZ,mtul,Beyaz,"",0.0
Pervaz ve Kapatma Profilleri,Zendow Kapatma T (934 Nimbus (Çift Yüz)),12061-934NIMBUS,mtul,934 Nimbus,"",0.0
Pervaz ve Kapatma Profilleri,Zendow Kapatma T (Antrasit Gri),12061-ANTRASIT,mtul,Antrasit Gri,"",0.0
Pervaz ve Kapatma Profilleri,Zendow Kapatma T (Beyaz),12061-BEYAZ,mtul,Beyaz,"",0.0
Zendow Ana Profiller,Zendow Kapı Kanat (934 Nimbus (Çift Yüz)),12612-934NIMBUS,mtul,934 Nimbus,"",0.0
Zendow Ana Profiller,Zendow Kapı Kanat (Antrasit Gri),12612-ANTRASIT,mtul,Antrasit Gri,"",0.0
Zendow Ana Profiller,Zendow Kapı Kanat (Beyaz),12612-BEYAZ,mtul,Beyaz,"",0.0
Zendow Ana Profiller,Zendow Kapı Kanat 75 (934 Nimbus (Çift Yüz)),12616-934NIMBUS,mtul,934 Nimbus,"",0.0
Zendow Ana Profiller,Zendow Kapı Kanat 75 (Antrasit Gri),12616-ANTRASIT,mtul,Antrasit Gri,"",0.0
Zendow Ana Profiller,Zendow Kapı Kanat 75 (Beyaz),12616-BEYAZ,mtul,Beyaz,"",0.0
Enjeksiyon Malzemeler,Zendow Kapı Köşe Takozu,13109,adet,,"",0.0
Sınıflandırılmamış,Zendow Kapı Z-75 Ant.Gri Çift Lm.,ZENDOW-KAPI-Z-75-ANT,mtul,,"",0.0
Sınıflandırılmamış,Zendow Kasa L-41,ZENDOW-KASA-L-41,mtul,,"",0.0
Zendow Ana Profiller,Zendow Kasa L-41 (934 Nimbus (Çift Yüz)),12604-934NIMBUS,mtul,934 Nimbus,"",0.0
Zendow Ana Profiller,Zendow Kasa L-41 (Antrasit Gri),12604-ANTRASIT,mtul,Antrasit Gri,"",0.0
Zendow Ana Profiller,Zendow Kasa L-41 (Beyaz),12604-BEYAZ,mtul,Beyaz,"",0.0
Sınıflandırılmamış,Zendow Kasa L-41 Ant.Gri Çift Lm.,ZENDOW-KASA-L-41-ANT,mtul,,"",0.0
Zendow Ana Profiller,Zendow Kasa L-44 (Deluxe) (934 Nimbus (Çift Yüz)),12601-934NIMBUS,mtul,934 Nimbus,"",0.0
Zendow Ana Profiller,Zendow Kasa L-44 (Deluxe) (Antrasit Gri),12601-ANTRASIT,mtul,Antrasit Gri,"",0.0
Zendow Ana Profiller,Zendow Kasa L-44 (Deluxe) (Beyaz),12601-BEYAZ,mtul,Beyaz,"",0.0
Enjeksiyon Malzemeler,Zendow Klips Kanat Adaptör Kapak Takozu,3252,adet,,"",0.0
Sınıflandırılmamış,Zendow O.Kayıt T-40 Ant.Gri Çift Lm.,ZENDOW-O-KAYIT-T-40,mtul,,"",0.0
Zendow Ana Profiller,Zendow Ortakayıt (934 Nimbus (Çift Yüz)),12620-934NIMBUS,mtul,934 Nimbus,"",0.0
Zendow Ana Profiller,Zendow Ortakayıt (Antrasit Gri),12620-ANTRASIT,mtul,Antrasit Gri,"",0.0
Zendow Ana Profiller,Zendow Ortakayıt (Beyaz),12620-BEYAZ,mtul,Beyaz,"",0.0
Sınıflandırılmamış,Zendow Ortakayıt T-40,ZENDOW-ORTAKAYIT-T-4,mtul,,"",0.0
Zendow Ana Profiller,Zendow Ortakayıt T-40 (934 Nimbus (Çift Yüz)),12625-934NIMBUS,mtul,934 Nimbus,"",0.0
Zendow Ana Profiller,Zendow Ortakayıt T-40 (Antrasit Gri),12625-ANTRASIT,mtul,Antrasit Gri,"",0.0
Zendow Ana Profiller,Zendow Ortakayıt T-40 (Beyaz),12625-BEYAZ,mtul,Beyaz,"",0.0
Ortakayıt Takozları,Zendow Ortakayıt Takozu,13197,adet,,"",0.0
Menteşeler,Zendow Pencere Menteşe,12922,adet,,"",0.0
Zendow Ana Profiller,Zendow Pervaz Kasa (934 Nimbus (Çift Yüz)),12602-934NIMBUS,mtul,934 Nimbus,"",0.0
Zendow Ana Profiller,Zendow Pervaz Kasa (Antrasit Gri),12602-ANTRASIT,mtul,Antrasit Gri,"",0.0
Zendow Ana Profiller,Zendow Pervaz Kasa (Beyaz),12602-BEYAZ,mtul,Beyaz,"",0.0
Zendow Ana Profiller,Zendow Plus Statik Ortakayıt (934 Nimbus (Çift Yüz)),12624-934NIMBUS,mtul,934 Nimbus,"",0.0
Zendow Ana Profiller,Zendow Plus Statik Ortakayıt (Antrasit Gri),12624-ANTRASIT,mtul,Antrasit Gri,"",0.0
Zendow Ana Profiller,Zendow Plus Statik Ortakayıt (Beyaz),12624-BEYAZ,mtul,Beyaz,"",0.0
Ortakayıt Takozları,Zendow PVC Ortakayıt Takozu,12883,adet,,"",0.0
Ortakayıt Takozları,Zendow Statik Ortakayıt Takozu,12890,adet,,"",0.0
Contalar,Zendow TPE Orta Conta,10561,adet,,"",0.0
Eşikler,Zendow Yalıtımlı Alm. Eşik 20x70,12976,adet,,"",0.0
Eşikler,Zendow Yalıtımlı Alm. Eşik Yan Kapak Takımı,13137,adet,,"",0.0
